comparison,subclass,total_annotated_nhoods,significant_nhoods,positive_nhoods,negative_nhoods,median_logFC,median_subclass_fraction,median_nhood_purity
AKI_vs_Reference,C-TAL-A,3077,1747,151,1596,-1.07383616443653,0.972222222222222,0.972222222222222
AKI_vs_Reference,C-TAL-B,2158,1002,158,844,-0.8777475136105575,0.972222222222222,0.972222222222222
AKI_vs_Reference,aTAL2,1223,842,822,20,1.36394459219767,0.685714285714286,0.685714285714286
AKI_vs_Reference,frTAL,638,246,168,78,0.320877368931394,0.948717948717949,0.948717948717949
CKD_vs_Reference,C-TAL-A,3735,1172,290,882,-0.424511050147517,0.970588235294118,0.970588235294118
CKD_vs_Reference,C-TAL-B,2672,342,102,240,-0.221292642571039,0.972972972972973,0.972972972972973
CKD_vs_Reference,aTAL2,782,282,34,248,-0.405560410315843,0.621621621621622,0.621621621621622
CKD_vs_Reference,frTAL,1268,982,956,26,1.1376827746154752,0.9710084033613444,0.9710084033613444
all_disease,C-TAL-A,4012,1797,333,1464,-0.496349830019011,0.970588235294118,0.970588235294118
all_disease,C-TAL-B,2805,715,202,513,-0.294247447923327,0.971428571428571,0.971428571428571
all_disease,aTAL2,1465,632,548,84,0.437126709606359,0.67741935483871,0.67741935483871
all_disease,frTAL,1332,1023,996,27,0.9507937361496306,0.970588235294118,0.970588235294118
