comparison,subclass,reference_cells,case_cells,auc,auc_sd,auc_q025,auc_q975,subsample_fold_estimates
disease_vs_Reference,C-TAL-A,633,1007,0.5751666666666667,0.08346300645392356,0.36375,0.70025,60
disease_vs_Reference,C-TAL-B,436,833,0.6060833333333333,0.13021849847326905,0.35350000000000004,0.8364999999999999,60
disease_vs_Reference,aTAL2,102,489,0.5480833333333333,0.1184579295507326,0.337375,0.757875,60
disease_vs_Reference,frTAL,142,804,0.53925,0.12377133440477639,0.277125,0.813375,60
AKI_vs_Reference,C-TAL-A,633,251,0.7529166666666667,0.10892888236105877,0.54875,0.962625,60
AKI_vs_Reference,C-TAL-B,436,229,0.6471666666666667,0.11661673669262126,0.44925,0.892875,60
AKI_vs_Reference,aTAL2,102,323,0.6565000000000001,0.11033577412085101,0.467375,0.8654999999999999,60
AKI_vs_Reference,frTAL,142,131,0.5966666666666667,0.10404393900145197,0.40475,0.787625,60
CKD_vs_Reference,C-TAL-A,633,756,0.5129166666666667,0.11720000168720232,0.326625,0.74625,60
CKD_vs_Reference,C-TAL-B,436,604,0.5730833333333333,0.13426539512355226,0.37925000000000003,0.807625,60
CKD_vs_Reference,aTAL2,102,166,0.4786666666666667,0.15435724211092397,0.199,0.73625,60
CKD_vs_Reference,frTAL,142,673,0.5903333333333334,0.09926794192379185,0.4271249999999999,0.7914999999999999,60
