comparison,subclass,gene,reference_donors,case_donors,reference_positive_fraction,case_positive_fraction,reference_median,case_median,reference_mean,case_mean,mean_case_minus_reference,p_value,FDR,significant_FDR_0_05,direction,adjusted_n_donors,adjusted_condition_beta,adjusted_p_value,adjusted_model_status,adjusted_FDR,adjusted_significant_FDR_0_05
all_disease,C-TAL-A,PAPPA2,86,124,0.9418604651162791,0.9919354838709677,0.3930804556812245,1.355652605144855,0.504639205244583,1.3986046868004822,0.8939654815558993,2.6583970697118017e-21,1.595038241827081e-19,True,1.0,210,0.8583150231754951,4.886001444818262e-21,fit,2.9316008668909573e-19,True
all_disease,C-TAL-A,CXCL12,86,124,0.9418604651162791,0.9274193548387096,0.5682411987296849,0.8069199572642336,0.5623903037932425,0.7459046098958985,0.18351430610265596,0.00011799723406646795,0.0005057024317134341,True,1.0,210,0.16142091363533217,0.0015251851270993097,fit,0.006100740508397239,True
all_disease,C-TAL-A,NOTCH3,86,124,0.9302325581395349,0.8709677419354839,0.1302837866872191,0.12698403480346074,0.1522360727347559,0.15552713880737087,0.0032910660726149787,0.6936032821589969,0.7431463737417825,False,1.0,210,0.01085034595705537,0.5166388028255333,fit,0.6078103562653333,False
all_disease,C-TAL-A,HES1,86,124,0.9418604651162791,0.8951612903225806,0.25643665125688886,0.22011171116974748,0.2733344623017212,0.2833549136619177,0.01002045136019647,0.6048376368521209,0.6936043146490904,False,1.0,210,0.005069097777198472,0.9054858503746576,fit,0.9367095003875767,False
all_disease,C-TAL-A,EPHB2,86,124,0.9186046511627907,0.8709677419354839,0.1433489391343689,0.17604324846349967,0.16997439481903034,0.20181110357497337,0.03183670875594302,0.07092775641610101,0.13487916757888882,False,1.0,210,0.03804099832003239,0.0752389911973185,fit,0.12437700275566177,False
AKI_vs_Reference,C-TAL-A,PAPPA2,86,40,0.9418604651162791,1.0,0.3930804556812245,1.2567485139370016,0.504639205244583,1.3047544550339496,0.8001152497893667,5.016242680477774e-13,7.52436402071666e-12,True,1.0,126,0.8059774298356204,2.1283963932026142e-15,fit,4.2567927864052283e-14,True
AKI_vs_Reference,C-TAL-A,CXCL12,86,40,0.9418604651162791,0.925,0.5682411987296849,0.5832347069663073,0.5623903037932425,0.5426595251577188,-0.01973077863552375,0.9456735038168109,0.9617018682882823,False,-1.0,126,-0.011800660293466193,0.8416960171256067,fit,0.9182138368642982,False
AKI_vs_Reference,C-TAL-A,NOTCH3,86,40,0.9302325581395349,0.95,0.1302837866872191,0.10933151556825618,0.1522360727347559,0.14569260904777948,-0.0065434636869764196,0.23307894237446147,0.34109113518213874,False,-1.0,126,-0.010853665561439773,0.6152689104178567,fit,0.7099256658667576,False
AKI_vs_Reference,C-TAL-A,HES1,86,40,0.9418604651162791,0.9,0.25643665125688886,0.20000315545952702,0.2733344623017212,0.211592266353739,-0.06174219594798219,0.12392785949289956,0.21244775913068495,False,-1.0,126,-0.06379307096007134,0.07669915169932476,fit,0.12437700275566177,False
AKI_vs_Reference,C-TAL-A,EPHB2,86,40,0.9186046511627907,0.925,0.1433489391343689,0.23479777943541227,0.16997439481903034,0.25616985306288304,0.08619545824385269,0.0011965326057713256,0.004486997271642471,True,1.0,126,0.09271287103666793,0.0023469095943080224,fit,0.008800910978655084,True
CKD_vs_Reference,C-TAL-A,PAPPA2,86,84,0.9418604651162791,0.9880952380952381,0.3930804556812245,1.4255846522821627,0.504639205244583,1.443295273355974,0.9386560681113911,2.062067189490298e-17,6.186201568470895e-16,True,1.0,170,0.8967666252561293,2.906736292752286e-17,fit,8.720208878256859e-16,True
CKD_vs_Reference,C-TAL-A,CXCL12,86,84,0.9418604651162791,0.9285714285714286,0.5682411987296849,0.9206252710940479,0.5623903037932425,0.842687983580746,0.28029767978750353,1.6195448587279917e-07,8.833881047607228e-07,True,1.0,170,0.24578306361398441,1.9715825774644885e-05,fit,0.00010754086786169937,True
CKD_vs_Reference,C-TAL-A,NOTCH3,86,84,0.9302325581395349,0.8333333333333334,0.1302837866872191,0.1484476586785581,0.1522360727347559,0.16021024821670016,0.007974175481944262,0.8601051848393956,0.8897639843166161,False,1.0,170,0.014593719366820336,0.4289920326959892,fit,0.5362400408699864,False
CKD_vs_Reference,C-TAL-A,HES1,86,84,0.9418604651162791,0.8928571428571429,0.25643665125688886,0.24968080301549556,0.2733344623017212,0.31752760285628856,0.044193140554567356,0.8296765801285536,0.8733437685563722,False,1.0,170,0.048938820769657665,0.34586811424307873,fit,0.4536848179623924,False
CKD_vs_Reference,C-TAL-A,EPHB2,86,84,0.9186046511627907,0.8452380952380952,0.1433489391343689,0.15778832245357244,0.16997439481903034,0.17592598477120694,0.005951589952176595,0.6111410338204596,0.6936043146490904,False,1.0,170,0.006584028373309086,0.7701650896427268,fit,0.8557389884919187,False
all_disease,C-TAL-B,PAPPA2,85,122,0.9058823529411765,0.9508196721311475,0.17496268768712236,0.6316482303164078,0.24598254210339418,0.7227402415294197,0.4767576994260255,2.457094815236814e-15,4.914189630473628e-14,True,1.0,207,0.4603689667219411,6.115722849613085e-13,fit,9.173584274419627e-12,True
all_disease,C-TAL-B,CXCL12,85,122,0.9058823529411765,0.8688524590163934,0.22440559586342018,0.3134822332818094,0.23128600536473093,0.33560797708340434,0.10432197171867341,0.04368879325699484,0.09361884269356037,False,1.0,207,0.09616070286630905,0.016123173098684374,fit,0.04131351409963395,True
all_disease,C-TAL-B,NOTCH3,85,122,0.8705882352941177,0.8278688524590164,0.055613680740261975,0.08258726246312234,0.06785127504984051,0.09937192519522425,0.031520650145383744,0.02122423516765421,0.05788427772996603,False,1.0,207,0.035928633985160066,0.003071143574112741,fit,0.01083933026157438,True
all_disease,C-TAL-B,HES1,85,122,0.8941176470588236,0.8278688524590164,0.08043617554386821,0.09770348943476873,0.11711290208430881,0.11954562409275953,0.0024327220084507106,0.4259812122825598,0.5419189463015125,False,1.0,207,0.00303961810286992,0.8750596918510188,fit,0.9211154651063356,False
all_disease,C-TAL-B,EPHB2,85,122,0.8470588235294118,0.7704918032786885,0.03439238660958402,0.04176496236231025,0.056136859371636254,0.08945807730505503,0.03332121793341878,0.30132959698243467,0.41090399588513815,False,1.0,207,0.0328649884218775,0.037219521032111076,fit,0.07443904206422215,False
AKI_vs_Reference,C-TAL-B,PAPPA2,85,39,0.9058823529411765,0.9743589743589743,0.17496268768712236,0.541681391482885,0.24598254210339418,0.6347228524302074,0.3887403103268132,6.234851467543618e-10,3.7409108805261715e-09,True,1.0,124,0.40111412557437254,6.380473157383941e-11,fit,6.380473157383941e-10,True
AKI_vs_Reference,C-TAL-B,CXCL12,85,39,0.9058823529411765,0.8205128205128205,0.22440559586342018,0.12867584399276527,0.23128600536473093,0.14770362338118653,-0.0835823819835444,0.006115181833495424,0.019311100526827652,True,-1.0,124,-0.07271116313455356,0.013386056437485366,fit,0.03824587553567248,True
AKI_vs_Reference,C-TAL-B,NOTCH3,85,39,0.8705882352941177,0.8974358974358975,0.055613680740261975,0.084677198465704,0.06785127504984051,0.10779300667857267,0.03994173162873216,0.026116706260137828,0.06813053806992476,False,1.0,124,0.03505315969791928,0.02927888225010828,fit,0.06057699775884472,False
AKI_vs_Reference,C-TAL-B,HES1,85,39,0.8941176470588236,0.8461538461538461,0.08043617554386821,0.0922035151669699,0.11711290208430881,0.126285768664707,0.00917286658039819,0.6278524446383389,0.697613827375932,False,1.0,124,0.00023120327434306576,0.9938877405441239,fit,0.9938877405441239,False
AKI_vs_Reference,C-TAL-B,EPHB2,85,39,0.8470588235294118,0.8205128205128205,0.03439238660958402,0.08159605855142404,0.056136859371636254,0.12924017423441772,0.07310331486278146,0.01752634968622078,0.05007528481777366,False,1.0,124,0.07770561968060233,0.00042125718498685377,fit,0.001944263930708556,True
CKD_vs_Reference,C-TAL-B,PAPPA2,85,83,0.9058823529411765,0.9397590361445783,0.17496268768712236,0.6990248700532598,0.24598254210339418,0.7640978099013388,0.5181152677979446,2.5577780660631832e-12,2.557778066063183e-11,True,1.0,168,0.49719389904107947,2.2464530974156652e-11,fit,2.695743716898798e-10,True
CKD_vs_Reference,C-TAL-B,CXCL12,85,83,0.9058823529411765,0.891566265060241,0.22440559586342018,0.3837673588391066,0.23128600536473093,0.4239003842446875,0.19261437887995658,1.494501074581112e-05,7.47250537290556e-05,True,1.0,168,0.19146474170154681,4.730658260622359e-05,fit,0.00023653291303111796,True
CKD_vs_Reference,C-TAL-B,NOTCH3,85,83,0.8705882352941177,0.7951807228915663,0.055613680740261975,0.07745004288170966,0.06785127504984051,0.095415031486181,0.027563756436340486,0.07418354216838886,0.13487916757888882,False,1.0,168,0.028415362735480756,0.017921655396585065,fit,0.04301197295180415,True
CKD_vs_Reference,C-TAL-B,HES1,85,83,0.8941176470588236,0.8192771084337349,0.08043617554386821,0.09818808158464043,0.11711290208430881,0.11637856820955526,-0.000734333874753551,0.43353515704121004,0.5419189463015125,False,-1.0,168,0.0038686253071404946,0.8624479537158218,fit,0.9211154651063356,False
CKD_vs_Reference,C-TAL-B,EPHB2,85,83,0.8470588235294118,0.7469879518072289,0.03439238660958402,0.030786796547677145,0.056136859371636254,0.07076528477198103,0.014628425400344779,0.9911038145804648,0.9911038145804648,False,1.0,168,0.014242859531468758,0.32886132445975785,fit,0.44844726062694257,False
all_disease,aTAL2,PAPPA2,83,121,0.7831325301204819,0.9256198347107438,0.3218120203926818,0.7013351651328878,0.389052952483209,0.8004092948003204,0.41135634231711143,1.075522081864025e-10,9.218760701691642e-10,True,1.0,204,0.40620783224012863,2.7388159087978074e-08,fit,1.8258772725318716e-07,True
all_disease,aTAL2,CXCL12,83,121,0.6506024096385542,0.7024793388429752,0.07916829887884123,0.06591702003440326,0.14751471434960903,0.12594909616852512,-0.021565618181083906,0.6586577559502922,0.7185357337639551,False,-1.0,204,-0.022292593761638717,0.4483275846944313,fit,0.5489725526870587,False
all_disease,aTAL2,NOTCH3,83,121,0.6867469879518072,0.6611570247933884,0.060412826358765326,0.04766357829020105,0.1147090810869753,0.0771833111797766,-0.037525769907198706,0.15252828064545149,0.24734315780343483,False,-1.0,204,-0.03466793526740702,0.06516673114829165,fit,0.11848496572416664,False
all_disease,aTAL2,HES1,83,121,0.6867469879518072,0.7024793388429752,0.12104479989315335,0.07869680126114267,0.21680347502263647,0.11435074369204937,-0.1024527313305871,0.05244103166692358,0.10761249842601514,False,-1.0,204,-0.0944477116124754,0.007127993454672833,fit,0.0213839803640185,True
all_disease,aTAL2,EPHB2,83,121,0.6746987951807228,0.8264462809917356,0.13445462122811194,0.2018226721303663,0.16888765049858778,0.24834451422880766,0.07945686373021987,0.0029936031898862665,0.010565658317245647,True,1.0,204,0.07556437315575121,0.027606848652377437,fit,0.06057699775884472,False
AKI_vs_Reference,aTAL2,PAPPA2,83,40,0.7831325301204819,0.975,0.3218120203926818,0.5141451073209926,0.389052952483209,0.6538943396381149,0.26484138715490596,2.425088289062985e-05,0.000111927151802907,True,1.0,123,0.2683099924904691,0.0012700030723133253,fit,0.005442870309914251,True
AKI_vs_Reference,aTAL2,CXCL12,83,40,0.6506024096385542,0.75,0.07916829887884123,0.03521223865988332,0.14751471434960903,0.04740599069271143,-0.1001087236568976,0.04150494412382263,0.09223320916405028,False,-1.0,123,-0.0946119218393986,0.006588841524840203,fit,0.02080686797317959,True
AKI_vs_Reference,aTAL2,NOTCH3,83,40,0.6867469879518072,0.75,0.060412826358765326,0.046784956680383724,0.1147090810869753,0.05682104658803291,-0.0578880344989424,0.18125477035967985,0.2861917426731787,False,-1.0,123,-0.06255208478630771,0.01652540563985358,fit,0.04131351409963395,True
AKI_vs_Reference,aTAL2,HES1,83,40,0.6867469879518072,0.85,0.12104479989315335,0.10118707490460382,0.21680347502263647,0.13373614599612793,-0.08306732902650854,0.44733238432749156,0.5477539399928468,False,-1.0,123,-0.09028750825104054,0.1155240141042119,fit,0.16905953283543204,False
AKI_vs_Reference,aTAL2,EPHB2,83,40,0.6746987951807228,0.95,0.13445462122811194,0.27317639199069366,0.16888765049858778,0.2834904003209585,0.11460274982237073,0.00020353386514833838,0.0008141354605933535,True,1.0,123,0.10884754982494234,0.006096115926366824,fit,0.020320386421222743,True
CKD_vs_Reference,aTAL2,PAPPA2,83,81,0.7831325301204819,0.9012345679012346,0.3218120203926818,0.8220443239146344,0.389052952483209,0.8727623590779527,0.48370940659474376,4.704413762564097e-10,3.136275841709398e-09,True,1.0,164,0.4908983178248175,1.6441269692788328e-08,fit,1.2330952269591247e-07,True
CKD_vs_Reference,aTAL2,CXCL12,83,81,0.6506024096385542,0.6790123456790124,0.07916829887884123,0.09651612390464259,0.14751471434960903,0.1647358149220134,0.017221100572404363,0.5219167854321491,0.626300142518579,False,1.0,164,0.026693949153318252,0.4587202582324619,fit,0.5504643098789542,False
CKD_vs_Reference,aTAL2,NOTCH3,83,81,0.6867469879518072,0.6172839506172839,0.060412826358765326,0.047886115200278474,0.1147090810869753,0.0872387504843414,-0.027470330602633902,0.25745712186606085,0.3677958883800869,False,-1.0,164,-0.021717621345891072,0.34782502710450086,fit,0.4536848179623924,False
CKD_vs_Reference,aTAL2,HES1,83,81,0.6867469879518072,0.6296296296296297,0.12104479989315335,0.05681519029295775,0.21680347502263647,0.10477770551719578,-0.11202576950544069,0.028637656107826117,0.0715941402695653,False,-1.0,164,-0.09642022872904263,0.024470206380654263,fit,0.05646970703227906,False
CKD_vs_Reference,aTAL2,EPHB2,83,81,0.6746987951807228,0.7654320987654321,0.13445462122811194,0.177429462398331,0.16888765049858778,0.23098852109688128,0.0621008705982935,0.07382825958894243,0.13487916757888882,False,1.0,164,0.04519971000072458,0.26340486914435746,fit,0.3675416778758476,False
all_disease,frTAL,PAPPA2,86,121,0.8837209302325582,0.9669421487603306,0.45729851901932606,0.9475539782731068,0.5502351673060603,0.9206824474760894,0.37044728017002915,3.4483306507036695e-10,2.5862479880277522e-09,True,1.0,207,0.3281964577221965,1.6133639364973209e-07,fit,9.680183618983925e-07,True
all_disease,frTAL,CXCL12,86,121,0.6627906976744186,0.7520661157024794,0.05852810869999052,0.07119458147182818,0.09776209202994296,0.084550194184782,-0.013211897845160955,0.6126838112733632,0.6936043146490904,False,-1.0,207,-0.01267788291969698,0.39906624664776713,fit,0.5094462723162985,False
all_disease,frTAL,NOTCH3,86,121,0.6744186046511628,0.8429752066115702,0.042578478675631734,0.06233837498709124,0.06172727143418403,0.08757627468877048,0.02584900325458645,0.007056532394436105,0.021169597183308318,True,1.0,207,0.024246312613417708,0.06945724712620277,fit,0.1190695665020619,False
all_disease,frTAL,HES1,86,121,0.7674418604651163,0.8429752066115702,0.1753046205375039,0.14031346765025335,0.22439237970022946,0.16068269427253615,-0.06370968542769331,0.21355098284908935,0.32032647427363403,False,-1.0,207,-0.06550616382437613,0.028806952652863455,fit,0.06057699775884472,False
all_disease,frTAL,EPHB2,86,121,0.813953488372093,0.9090909090909091,0.16770706179582553,0.1932154110814373,0.20123765554339493,0.24357890187968595,0.04234124633629102,0.10921618049135728,0.19273443616121871,False,1.0,207,0.0510062862484793,0.05421396608197058,fit,0.10165118640369483,False
AKI_vs_Reference,frTAL,PAPPA2,86,38,0.8837209302325582,0.9736842105263158,0.45729851901932606,0.6796838723505135,0.5502351673060603,0.689248107150654,0.13901293984459373,0.03470374626365911,0.08008556830075178,False,1.0,124,0.14604344272177663,0.0685819860546942,fit,0.1190695665020619,False
AKI_vs_Reference,frTAL,CXCL12,86,38,0.6627906976744186,0.6578947368421053,0.05852810869999052,0.03737513557716778,0.09776209202994296,0.053412869722984965,-0.044349222306957994,0.1864085307216321,0.28678235495635707,False,-1.0,124,-0.038358883703306514,0.09498953745280334,fit,0.142484306179205,False
AKI_vs_Reference,frTAL,NOTCH3,86,38,0.6744186046511628,0.868421052631579,0.042578478675631734,0.08164229909311954,0.06172727143418403,0.09794840642579865,0.03622113499161462,0.00383043850744997,0.012768128358166566,True,1.0,124,0.031799323274743746,0.04034542744471326,fit,0.0780879240865418,False
AKI_vs_Reference,frTAL,HES1,86,38,0.7674418604651163,0.8421052631578947,0.1753046205375039,0.14665672004107289,0.22439237970022946,0.15487048197855952,-0.06952189772166995,0.3420293437502401,0.4560391250003201,False,-1.0,124,-0.08026934105214331,0.08901347197516037,fit,0.13694380303870826,False
AKI_vs_Reference,frTAL,EPHB2,86,38,0.813953488372093,0.8947368421052632,0.16770706179582553,0.24039167353757335,0.20123765554339493,0.30289399440317705,0.10165633885978212,0.032140744677702025,0.07713778722648486,False,1.0,124,0.09612584687233208,0.014135704843598763,fit,0.0385519223007239,True
CKD_vs_Reference,frTAL,PAPPA2,86,83,0.8837209302325582,0.963855421686747,0.45729851901932606,1.0135612077941107,0.5502351673060603,1.0266403382274936,0.4764051709214333,8.224405488047449e-13,9.86928658565694e-12,True,1.0,169,0.4333868181188101,2.275153620845807e-09,fit,1.9501316750106916e-08,True
CKD_vs_Reference,frTAL,CXCL12,86,83,0.6627906976744186,0.7951807228915663,0.05852810869999052,0.08764581201939199,0.09776209202994296,0.09880583670946019,0.0010437446795172334,0.15101776109549717,0.24734315780343483,False,1.0,169,0.00033682118543948555,0.985149194511788,fit,0.9938877405441239,False
CKD_vs_Reference,frTAL,NOTCH3,86,83,0.6744186046511628,0.8313253012048193,0.042578478675631734,0.05792692948733768,0.06172727143418403,0.08282758786940818,0.02110031643522415,0.05380624921300757,0.10761249842601514,False,1.0,169,0.01787232784259146,0.24486393244529614,fit,0.3498056177789945,False
CKD_vs_Reference,frTAL,HES1,86,83,0.7674418604651163,0.8433734939759037,0.1753046205375039,0.14026661668290694,0.22439237970022946,0.16334370713001942,-0.061048672570210044,0.26721757615047925,0.37286173416345947,False,-1.0,169,-0.06205884767007597,0.08758205450180885,fit,0.13694380303870826,False
CKD_vs_Reference,frTAL,EPHB2,86,83,0.813953488372093,0.9156626506024096,0.16770706179582553,0.18502549998934475,0.20123765554339493,0.21642259445929246,0.015184938915897533,0.37036384087788976,0.48308327071029106,False,1.0,169,0.012355517044376737,0.6513070870937024,fit,0.7373287778419273,False
