scope,model,formula,donors,converged,coefficient,odds_ratio_per_10pct,confidence_lower,confidence_upper,p_value,direction
all,model_1,egfr_category ~ pappa2_tal_fraction_per_10pct,202,True,-0.46765862840120304,0.6264673453184239,0.5415810486537936,0.7246585450614514,3.071633196981489e-10,higher_PAPPA2_lower_eGFR
all,model_2,egfr_category ~ pappa2_tal_fraction_per_10pct + age_midpoint + C(sex) + C(disease),202,True,-0.1991912921173822,0.8193931348923347,0.6819191354577224,0.9845817115221771,0.03352063653762906,higher_PAPPA2_lower_eGFR
all,model_3,egfr_category ~ pappa2_tal_fraction_per_10pct + age_midpoint + C(sex) + C(disease) + c_tal_a_fraction + c_tal_b_fraction + atal2_fraction + frtal_fraction,202,True,-0.3620297071430561,0.6962616835890986,0.529866356832364,0.9149105727950528,0.009371908179728484,higher_PAPPA2_lower_eGFR
all,model_4,egfr_category ~ pappa2_tal_fraction_per_10pct + age_midpoint + C(sex) + C(disease) + c_tal_a_fraction + c_tal_b_fraction + atal2_fraction + frtal_fraction + weighted_mean_nFeature_RNA + C(assay),202,True,-0.4140885547508518,0.66094241908305,0.49946514309792706,0.8746253615093708,0.003764703599572308,higher_PAPPA2_lower_eGFR
disease,model_1,egfr_category ~ pappa2_tal_fraction_per_10pct,130,True,-0.2576079148431045,0.7728982146233176,0.6409659557788328,0.9319865505837207,0.006985285780499326,higher_PAPPA2_lower_eGFR
disease,model_2,egfr_category ~ pappa2_tal_fraction_per_10pct + age_midpoint + C(sex) + C(disease),130,True,-0.2372175612767029,0.7888196527369535,0.6483112567441733,0.9597804111391288,0.017782554159798698,higher_PAPPA2_lower_eGFR
disease,model_3,egfr_category ~ pappa2_tal_fraction_per_10pct + age_midpoint + C(sex) + C(disease) + c_tal_a_fraction + c_tal_b_fraction + atal2_fraction + frtal_fraction,130,True,-0.3359676690367569,0.7146462106429228,0.5280918586368779,0.9671029727755474,0.02950419744494504,higher_PAPPA2_lower_eGFR
disease,model_4,egfr_category ~ pappa2_tal_fraction_per_10pct + age_midpoint + C(sex) + C(disease) + c_tal_a_fraction + c_tal_b_fraction + atal2_fraction + frtal_fraction + weighted_mean_nFeature_RNA + C(assay),130,True,-0.36616072916611014,0.6933913440402711,0.5103238486357633,0.9421302909422368,0.019227031326813717,higher_PAPPA2_lower_eGFR
Reference,model_1,egfr_category ~ pappa2_tal_fraction_per_10pct,72,True,0.28497250442968963,1.3297254660587832,0.7647722389677792,2.3120214424516305,0.31262121909671814,higher_PAPPA2_higher_eGFR
Reference,model_2,egfr_category ~ pappa2_tal_fraction_per_10pct + age_midpoint + C(sex),72,True,0.2770130873001158,1.3191836354741315,0.7224597348307253,2.4087784830119165,0.36720206034129277,higher_PAPPA2_higher_eGFR
Reference,model_3,egfr_category ~ pappa2_tal_fraction_per_10pct + age_midpoint + C(sex) + c_tal_a_fraction + c_tal_b_fraction + atal2_fraction + frtal_fraction,72,True,-0.19024793119943448,0.8267541303878393,0.35608004491334355,1.9195751120501454,0.6580085470510897,higher_PAPPA2_lower_eGFR
Reference,model_4,egfr_category ~ pappa2_tal_fraction_per_10pct + age_midpoint + C(sex) + c_tal_a_fraction + c_tal_b_fraction + atal2_fraction + frtal_fraction + weighted_mean_nFeature_RNA + C(assay),72,True,-0.45775715007244594,0.6327011089702325,0.24853371740778207,1.610689678114586,0.33697728192804444,higher_PAPPA2_lower_eGFR
AKI,model_1,egfr_category ~ pappa2_tal_fraction_per_10pct,36,True,-0.07612882351958011,0.9266968185238079,0.6157292089586188,1.3947153731988413,0.7151282960406472,higher_PAPPA2_lower_eGFR
AKI,model_2,egfr_category ~ pappa2_tal_fraction_per_10pct + age_midpoint + C(sex),36,True,-0.014000824013932192,0.9860967317050817,0.6400511840809527,1.5192328183498178,0.9493757096064275,higher_PAPPA2_lower_eGFR
AKI,model_3,egfr_category ~ pappa2_tal_fraction_per_10pct + age_midpoint + C(sex) + c_tal_a_fraction + c_tal_b_fraction + atal2_fraction + frtal_fraction,36,True,0.18640909086141255,1.2049150793146208,0.6449415105196271,2.251088392790894,0.55884109805244,higher_PAPPA2_higher_eGFR
AKI,model_4,egfr_category ~ pappa2_tal_fraction_per_10pct + age_midpoint + C(sex) + c_tal_a_fraction + c_tal_b_fraction + atal2_fraction + frtal_fraction + weighted_mean_nFeature_RNA + C(assay),36,True,0.17404588650029965,1.1901101745583327,0.5692045011965979,2.4883187406454934,0.6437213192644815,higher_PAPPA2_higher_eGFR
CKD,model_1,egfr_category ~ pappa2_tal_fraction_per_10pct,94,True,-0.3183702205307966,0.7273334647817049,0.5776591171901683,0.9157891795503429,0.006762992521537617,higher_PAPPA2_lower_eGFR
CKD,model_2,egfr_category ~ pappa2_tal_fraction_per_10pct + age_midpoint + C(sex),94,True,-0.31028242300755515,0.7332398431771517,0.5819839034298859,0.9238067658811562,0.008480685212320113,higher_PAPPA2_lower_eGFR
CKD,model_3,egfr_category ~ pappa2_tal_fraction_per_10pct + age_midpoint + C(sex) + c_tal_a_fraction + c_tal_b_fraction + atal2_fraction + frtal_fraction,94,True,-0.5446599419614832,0.5800389967294378,0.395988664578079,0.8496335067706318,0.005163321926575971,higher_PAPPA2_lower_eGFR
CKD,model_4,egfr_category ~ pappa2_tal_fraction_per_10pct + age_midpoint + C(sex) + c_tal_a_fraction + c_tal_b_fraction + atal2_fraction + frtal_fraction + weighted_mean_nFeature_RNA + C(assay),94,True,-0.6273038391794425,0.5340296916753282,0.3590934404758333,0.7941880286449817,0.0019484240621964414,higher_PAPPA2_lower_eGFR
