gene,analysis_id,analysis_name,analysis_type,analysis_synopsis,p_value,r_value,fold_change,reporter,dataset_id,dataset_name,organism,tissue_types,experiment_type,platforms,dataset_title,pubmed_id,publication_date,analysis_samples,dataset_samples
PAPPA2,19,(Cadaveric Donors),correlation,GFR (MDRD) Analysis,0.0438453,0.58911,,39151_at,197806047,Flechner Transplant Kidney,Human,Kidney,microarray,Affymetrix Human Genome U95A-Av2 Array,Kidney transplant rejection and tissue injury by gene profiling of biopsies and peripheral blood lymphocytes.,15307835,2004/09/01,12,31
PAPPA2,161,(Focal Segmental Glomerulosclerosis Samples),correlation,GFR (CKD-EPI) Analysis,0.00134468,-0.712,,ENSG00000116183,199394487,ERCB Nephrotic Syndrome TubInt,Human,Tubulointerstitium,RNA-Seq,Ensembl GRCh38,"RNA-Seq results from 18 focal segmental glomerulosclerosis samples, 10 diabetic nephropathy, and 9 healthy living donor samples from the tubulointerstitum.",ERCB_Nephrotic_Syndrome_TubInt,2018/04/01,17,37
PAPPA2,112,(All Measured Samples),correlation,GFR (MDRD) Analysis,3.09395e-05,-0.558079,,60676,197806087,Sampson Nephrotic Syndrome TubInt,Human,Tubulointerstitium,microarray,Affymetrix Human Gene 2.1 ST Array (altCDF v19),Integrative genomics identifies novel associations with APOL1 risk genotypes in black NEPTUNE subjects.,26150607,2015/07/06,49,50
PAPPA2,156,(Focal Segmental Glomerulosclerosis Samples),correlation,GFR (MDRD) Analysis,0.00332142,-0.686378,,ENSG00000116183,199394487,ERCB Nephrotic Syndrome TubInt,Human,Tubulointerstitium,RNA-Seq,Ensembl GRCh38,"RNA-Seq results from 18 focal segmental glomerulosclerosis samples, 10 diabetic nephropathy, and 9 healthy living donor samples from the tubulointerstitum.",ERCB_Nephrotic_Syndrome_TubInt,2018/04/01,16,37
PAPPA2,106,(All Measured Samples),correlation,GFR (MDRD) Analysis,0.00110017,-0.515274,,60676,197806077,Sampson Nephrotic Syndrome Glom,Human,Glomeruli,microarray,Affymetrix Human Gene 2.1 ST Array (altCDF v19),Integrative genomics identifies novel associations with APOL1 risk genotypes in black NEPTUNE subjects.,26150607,2015/07/06,37,38
PAPPA2,73,(All Measured Samples),correlation,GFR (MDRD) Analysis,0.00030672,-0.529966,,60676,197805687,Ju CKD TubInt 2,Human,Tubulointerstitium,microarray,Affymetrix Human Genome U133 Plus 2.0 Array (altCDF v10),Tissue transcriptome-driven identification of epidermal growth factor as a chronic kidney disease biomarker.,26631632,2015/12/01,42,42
PAPPA2,121,(Diabetic Nephropathy Samples),correlation,GFR (CG) Analysis,0.0474341,-0.607493,,213332_at,197806037,Schmid Diabetes TubInt,Human,Tubulointerstitium,microarray,Affymetrix Human Genome U133A Array,Modular activation of nuclear factor-kappaB transcriptional programs in human diabetic nephropathy.,17065335,2006/11/01,11,22
PAPPA2,134,(All Measured Samples),correlation,GFR (MDRD) Analysis,0.016273,-0.506009,,213332_at,197806107,Woroniecka Diabetes TubInt,Human,Tubulointerstitium,microarray,Affymetrix Human Genome U133A 2.0 Array,Transcriptome analysis of human diabetic kidney disease.,21752957,2011/09/01,22,22
PAPPA2,166,(Minimal Change Disease Samples),correlation,GFR (CKD-EPI) Analysis,0.00250408,-0.837346,,ENSG00000116183,199332487,Mariani Nephrotic Syndrome TubInt 2,Human,Tubulointerstitium,RNA-Seq,Ensembl GRCh38,Precision nephrology identified tumor necrosis factor activation variability in minimal change disease and focal segmental glomerulosclerosis,36442540,2022/11/25,10,35
PAPPA2,20,(Living Donors),correlation,GFR (MDRD) Analysis,0.000804963,-0.702096,,39151_at,197806047,Flechner Transplant Kidney,Human,Kidney,microarray,Affymetrix Human Genome U95A-Av2 Array,Kidney transplant rejection and tissue injury by gene profiling of biopsies and peripheral blood lymphocytes.,15307835,2004/09/01,19,31
CXCL12,19,(Cadaveric Donors),correlation,GFR (MDRD) Analysis,0.00909784,0.714015,,33834_at,197806047,Flechner Transplant Kidney,Human,Kidney,microarray,Affymetrix Human Genome U95A-Av2 Array,Kidney transplant rejection and tissue injury by gene profiling of biopsies and peripheral blood lymphocytes.,15307835,2004/09/01,12,31
CXCL12,112,(All Measured Samples),correlation,GFR (MDRD) Analysis,6.60754e-05,-0.538353,,6387,197806087,Sampson Nephrotic Syndrome TubInt,Human,Tubulointerstitium,microarray,Affymetrix Human Gene 2.1 ST Array (altCDF v19),Integrative genomics identifies novel associations with APOL1 risk genotypes in black NEPTUNE subjects.,26150607,2015/07/06,49,50
NOTCH3,162,(Diabetic Nephropathy Samples),correlation,GFR (CKD-EPI) Analysis,0.040388,-0.728523,,ENSG00000074181,199394487,ERCB Nephrotic Syndrome TubInt,Human,Tubulointerstitium,RNA-Seq,Ensembl GRCh38,"RNA-Seq results from 18 focal segmental glomerulosclerosis samples, 10 diabetic nephropathy, and 9 healthy living donor samples from the tubulointerstitum.",ERCB_Nephrotic_Syndrome_TubInt,2018/04/01,8,37
NOTCH3,128,(All Measured Samples),correlation,GFR (MDRD) Analysis,0.0021475,-0.618613,,203237_s_at,197806097,Woroniecka Diabetes Glom,Human,Glomeruli,microarray,Affymetrix Human Genome U133A 2.0 Array,Transcriptome analysis of human diabetic kidney disease.,21752957,2011/09/01,22,22
NOTCH3,77,(Open Donor Nephrectomy Samples),correlation,GFR (MDRD) Analysis,0.0452437,-0.820898,,203237_s_at,197805957,Kurian Transplant Kidney,Human,Renal Cortex,microarray,Affymetrix Human Genome U133A Array,Laparoscopic donor nephrectomy gene expression profiling reveals upregulation of stress and ischemia associated genes compared to control kidneys.,16278587,2005/10/27,6,12
NOTCH3,157,(Diabetic Nephropathy Samples),correlation,GFR (MDRD) Analysis,0.0335253,-0.746094,,ENSG00000074181,199394487,ERCB Nephrotic Syndrome TubInt,Human,Tubulointerstitium,RNA-Seq,Ensembl GRCh38,"RNA-Seq results from 18 focal segmental glomerulosclerosis samples, 10 diabetic nephropathy, and 9 healthy living donor samples from the tubulointerstitum.",ERCB_Nephrotic_Syndrome_TubInt,2018/04/01,8,37
NOTCH3,89,(IgA Nephropathy Samples),correlation,GFR (MDRD) Analysis,0.00795175,-0.508758,,203238_s_at,197806057,Reich IgAN Glom,Human,Glomeruli,microarray,Affymetrix Human Genome U133A Array,A molecular signature of proteinuria in glomerulonephritis.,20976140,2010/10/18,26,33
HES1,163,(Healthy Living Donors),correlation,GFR (CKD-EPI) Analysis,0.0189756,-0.999556,,ENSG00000114315,199394487,ERCB Nephrotic Syndrome TubInt,Human,Tubulointerstitium,RNA-Seq,Ensembl GRCh38,"RNA-Seq results from 18 focal segmental glomerulosclerosis samples, 10 diabetic nephropathy, and 9 healthy living donor samples from the tubulointerstitum.",ERCB_Nephrotic_Syndrome_TubInt,2018/04/01,3,37
HES1,145,(Lupus Nephritis Samples),correlation,GFR (CG) Analysis,0.0248568,-0.817031,,ENSG00000114315,197986887,ERCB Lupus TubInt,Human,Tubulointerstitium,RNA-Seq,Ensembl GRCh38,"RNA-Seq results from 31 lupus nephritis samples, 5 minimal change disease samples, and 5 healthy living donor samples from the tubulointerstitium.",ERCB_Lupus_TubInt,2018/04/01,7,41
HES1,161,(Focal Segmental Glomerulosclerosis Samples),correlation,GFR (CKD-EPI) Analysis,0.0112429,-0.597912,,ENSG00000114315,199394487,ERCB Nephrotic Syndrome TubInt,Human,Tubulointerstitium,RNA-Seq,Ensembl GRCh38,"RNA-Seq results from 18 focal segmental glomerulosclerosis samples, 10 diabetic nephropathy, and 9 healthy living donor samples from the tubulointerstitum.",ERCB_Nephrotic_Syndrome_TubInt,2018/04/01,17,37
HES1,127,(Diabetic Nephropathy Samples),correlation,GFR (MDRD) Analysis,0.0390279,0.691631,,203393_at,197806097,Woroniecka Diabetes Glom,Human,Glomeruli,microarray,Affymetrix Human Genome U133A 2.0 Array,Transcriptome analysis of human diabetic kidney disease.,21752957,2011/09/01,9,22
HES1,143,(Lupus Nephritis Samples),correlation,GFR (MDRD) Analysis,0.0347279,-0.789518,,ENSG00000114315,197986887,ERCB Lupus TubInt,Human,Tubulointerstitium,RNA-Seq,Ensembl GRCh38,"RNA-Seq results from 31 lupus nephritis samples, 5 minimal change disease samples, and 5 healthy living donor samples from the tubulointerstitium.",ERCB_Lupus_TubInt,2018/04/01,7,41
HES1,156,(Focal Segmental Glomerulosclerosis Samples),correlation,GFR (MDRD) Analysis,0.0176753,-0.583412,,ENSG00000114315,199394487,ERCB Nephrotic Syndrome TubInt,Human,Tubulointerstitium,RNA-Seq,Ensembl GRCh38,"RNA-Seq results from 18 focal segmental glomerulosclerosis samples, 10 diabetic nephropathy, and 9 healthy living donor samples from the tubulointerstitum.",ERCB_Nephrotic_Syndrome_TubInt,2018/04/01,16,37
HES1,134,(All Measured Samples),correlation,GFR (MDRD) Analysis,0.0163006,0.505897,,203393_at,197806107,Woroniecka Diabetes TubInt,Human,Tubulointerstitium,microarray,Affymetrix Human Genome U133A 2.0 Array,Transcriptome analysis of human diabetic kidney disease.,21752957,2011/09/01,22,22
HES1,166,(Minimal Change Disease Samples),correlation,GFR (CKD-EPI) Analysis,0.026592,-0.692042,,ENSG00000114315,199332487,Mariani Nephrotic Syndrome TubInt 2,Human,Tubulointerstitium,RNA-Seq,Ensembl GRCh38,Precision nephrology identified tumor necrosis factor activation variability in minimal change disease and focal segmental glomerulosclerosis,36442540,2022/11/25,10,35
EPHB2,19,(Cadaveric Donors),correlation,GFR (MDRD) Analysis,0.00823512,-0.720315,,902_at,197806047,Flechner Transplant Kidney,Human,Kidney,microarray,Affymetrix Human Genome U95A-Av2 Array,Kidney transplant rejection and tissue injury by gene profiling of biopsies and peripheral blood lymphocytes.,15307835,2004/09/01,12,31
EPHB2,161,(Focal Segmental Glomerulosclerosis Samples),correlation,GFR (CKD-EPI) Analysis,0.00317271,-0.671294,,ENSG00000133216,199394487,ERCB Nephrotic Syndrome TubInt,Human,Tubulointerstitium,RNA-Seq,Ensembl GRCh38,"RNA-Seq results from 18 focal segmental glomerulosclerosis samples, 10 diabetic nephropathy, and 9 healthy living donor samples from the tubulointerstitum.",ERCB_Nephrotic_Syndrome_TubInt,2018/04/01,17,37
EPHB2,128,(All Measured Samples),correlation,GFR (MDRD) Analysis,0.00314579,-0.600196,,209588_at,197806097,Woroniecka Diabetes Glom,Human,Glomeruli,microarray,Affymetrix Human Genome U133A 2.0 Array,Transcriptome analysis of human diabetic kidney disease.,21752957,2011/09/01,22,22
EPHB2,15,(Cadaveric Donors),correlation,GFR (MDRD) Analysis,0.00157072,0.722484,,902_at,197805487,Flechner Transplant Blood,Human,Peripheral Blood Lymphocyte,microarray,Affymetrix Human Genome U95A-Av2 Array,Kidney transplant rejection and tissue injury by gene profiling of biopsies and peripheral blood lymphocytes.,15307835,2004/09/01,16,31
EPHB2,77,(Open Donor Nephrectomy Samples),correlation,GFR (MDRD) Analysis,0.016047,-0.894704,,211165_x_at,197805957,Kurian Transplant Kidney,Human,Renal Cortex,microarray,Affymetrix Human Genome U133A Array,Laparoscopic donor nephrectomy gene expression profiling reveals upregulation of stress and ischemia associated genes compared to control kidneys.,16278587,2005/10/27,6,12
EPHB2,156,(Focal Segmental Glomerulosclerosis Samples),correlation,GFR (MDRD) Analysis,0.00522486,-0.661861,,ENSG00000133216,199394487,ERCB Nephrotic Syndrome TubInt,Human,Tubulointerstitium,RNA-Seq,Ensembl GRCh38,"RNA-Seq results from 18 focal segmental glomerulosclerosis samples, 10 diabetic nephropathy, and 9 healthy living donor samples from the tubulointerstitum.",ERCB_Nephrotic_Syndrome_TubInt,2018/04/01,16,37
EPHB2,10,(IgA Nephropathy Samples),correlation,GFR (CG) Analysis,0.0327943,0.74809,,ILMN_1785061,197805887,Cox IgAN Blood,Human,Blood,microarray,Illumina HumanHT-12 v4.0 Gene Expression BeadChip,Altered monocyte expression and expansion of non-classical monocyte subset in IgA nephropathy patients.,25770168,2015/07/01,8,17
EPHB2,134,(All Measured Samples),correlation,GFR (MDRD) Analysis,0.00440513,-0.582991,,209589_s_at,197806107,Woroniecka Diabetes TubInt,Human,Tubulointerstitium,microarray,Affymetrix Human Genome U133A 2.0 Array,Transcriptome analysis of human diabetic kidney disease.,21752957,2011/09/01,22,22
EPHB2,85,(Nephrosclerosis Samples),correlation,GFR (MDRD) Analysis,0.0153141,-0.63201,,210651_s_at,197805977,Neusser Hypertension Glom,Human,Glomeruli,microarray,Affymetrix Human Genome U133A Array,Human nephrosclerosis triggers a hypoxia-related glomerulopathy.,20019191,2010/02/01,14,18
