comparison,subclass,gene,reference_donors,case_donors,reference_mean,case_mean,full_pb_mean_diff,full_pb_FDR,full_pb_significant,full_pb_adjusted_beta,full_pb_adjusted_FDR,full_pb_adjusted_significant,full_pb_direction,n_nhoods,n_unique_cells_in_subclass,median_nhood_cells,nhood_significant_count,nhood_positive_significant_count,nhood_negative_significant_count,median_logFC,median_expression,nhood_rho,nhood_p_naive,nhood_direction,eligible_donors,eligible_reference_donors,eligible_disease_donors,within_donor_rho_all,within_donor_rho_reference,within_donor_rho_disease,within_donor_disease_minus_reference,within_donor_difference_FDR,within_donor_direction,rho_full,lodo_same_sign_fraction,bootstrap_ci_lower,bootstrap_ci_upper,bootstrap_fraction_positive,partial_rho_controlling_purity,subset_pb_mean_diff,subset_pb_FDR,subset_pb_direction,direction_agreement_count,direction_conflict,full_vs_subset_same_direction,full_vs_nhood_same_direction,full_vs_within_donor_same_direction,nhood_vs_within_donor_same_direction,within_donor_rho
AKI_vs_Reference,C-TAL-A,CXCL12,86,40,0.5623903037932425,0.5426595251577188,-0.0197307786355237,0.9617018682882824,False,-0.0118006602934661,0.9182138368642982,False,-1,3077.0,32822.0,33.0,1747.0,151.0,1596.0,-1.07383616443653,0.6886370425183449,-0.1437180374514735,1.1422445217392257e-15,-1,114,78,36,-0.082817056887581,-0.052916157390041,-0.2068344685129092,-0.1539183111228682,0.0085628657057228,-1,-0.1437180374514735,1.0,-0.1974630659876635,-0.0556054639959664,0.0,-0.1183558608086977,0.0360993298440611,0.9122743878067842,1,3,False,False,True,True,True,-0.1539183111228682
AKI_vs_Reference,C-TAL-A,EPHB2,86,40,0.1699743948190303,0.256169853062883,0.0861954582438526,0.0044869972716424,True,0.0927128710366679,0.008800910978655,True,1,3077.0,32822.0,33.0,1747.0,151.0,1596.0,-1.07383616443653,0.1248338166541064,-0.0285939645605485,0.112783014743471,-1,114,78,36,-0.0174897077625683,-0.0176840158892349,-0.0117445225870294,0.0059394933022054,0.9947946790052052,1,-0.0285939645605485,1.0,-0.0842424671759226,0.0353334400690805,0.218,-0.0393957842713777,0.1317484319364925,0.2366028279394547,1,2,True,True,False,True,False,0.0059394933022054
AKI_vs_Reference,C-TAL-A,HES1,86,40,0.2733344623017212,0.211592266353739,-0.0617421959479821,0.2124477591306849,False,-0.0637930709600713,0.1243770027556617,False,-1,3077.0,32822.0,33.0,1747.0,151.0,1596.0,-1.07383616443653,0.2625113736525448,0.0073669786810604,0.6829131917956741,1,114,78,36,-0.0102324884105383,-0.0053057713173015,-0.0307884878042542,-0.0254827164869526,0.4742316507022389,-1,0.0073669786810604,0.959349593495935,-0.0603386200123498,0.0728930493830156,0.584,-0.0013926852688439,-0.0945159188338665,0.3958963732132046,-1,2,True,True,False,True,False,-0.0254827164869526
AKI_vs_Reference,C-TAL-A,NOTCH3,86,40,0.1522360727347559,0.1456926090477794,-0.0065434636869764,0.3410911351821387,False,-0.0108536655614397,0.7099256658667576,False,-1,3077.0,32822.0,33.0,1747.0,151.0,1596.0,-1.07383616443653,0.1214462349411656,-0.2112273341512135,2.2552274350157252e-32,-1,114,78,36,-0.0362738338486312,-0.0362738338486312,-0.0361203055643989,0.0001535282842323,1.0,1,-0.2112273341512135,1.0,-0.2088247054659573,-0.1025439025986895,0.0,-0.2143000558383951,-0.0397338313683261,0.869754246289587,-1,2,True,True,True,False,False,0.0001535282842323
AKI_vs_Reference,C-TAL-A,PAPPA2,86,40,0.504639205244583,1.3047544550339496,0.8001152497893667,7.52436402071666e-12,True,0.8059774298356204,4.256792786405228e-14,True,1,3077.0,32822.0,33.0,1747.0,151.0,1596.0,-1.07383616443653,0.5002540166800511,0.5261258833765204,1.092808295116726e-218,1,114,78,36,0.1575918204522612,0.1429880377290646,0.1677068661580068,0.0247188284289421,0.5278055278055278,1,0.5261258833765204,1.0,0.4575543341143154,0.5336071804746034,1.0,0.5603070528660251,1.6178241721624902,2.7254674545261107e-09,1,3,False,True,True,True,True,0.0247188284289421
AKI_vs_Reference,C-TAL-B,CXCL12,85,39,0.2312860053647309,0.1477036233811865,-0.0835823819835444,0.0193111005268276,True,-0.0727111631345535,0.0382458755356724,True,-1,2158.0,22363.0,34.0,1002.0,158.0,844.0,-0.8777475136105575,0.2579561720764105,-0.3415574729720779,4.2185656253200234e-60,-1,110,77,33,-0.0730405292224013,-0.0460280285859858,-0.1924482509186176,-0.1464202223326318,0.0085628657057228,-1,-0.3415574729720779,1.0,-0.3440211202698519,-0.2392555770380871,0.0,-0.3524464412904473,-0.1603787411863589,0.2239153716107076,-1,3,False,True,True,True,True,-0.1464202223326318
AKI_vs_Reference,C-TAL-B,EPHB2,85,39,0.0561368593716362,0.1292401742344177,0.0731033148627814,0.0500752848177736,False,0.0777056196806023,0.0019442639307085,True,1,2158.0,22363.0,34.0,1002.0,158.0,844.0,-0.8777475136105575,0.0260302265369978,0.0005243675304194,0.9805774161675328,1,110,77,33,0.0094865156333414,0.0048255285120614,0.0175730043172628,0.0127474758052014,0.7753948179480094,1,0.0005243675304194,0.6776859504132231,-0.0490424497609576,0.0762066649517743,0.578,-0.0437855227089294,0.1010636387448583,0.0106437687969479,1,3,False,True,True,True,True,0.0127474758052014
AKI_vs_Reference,C-TAL-B,HES1,85,39,0.1171129020843088,0.126285768664707,0.0091728665803981,0.697613827375932,False,0.000231203274343,0.993887740544124,False,1,2158.0,22363.0,34.0,1002.0,158.0,844.0,-0.8777475136105575,0.0950200319523654,0.098129808714999,4.949097151420876e-06,1,110,77,33,0.0141346049279109,0.0170481343757065,0.0031376385627937,-0.0139104958129128,0.8015513897866839,-1,0.098129808714999,1.0,0.0033668764500854,0.1366287299027466,0.98,0.0698994250215205,0.0620761853388449,0.4252601618318284,1,2,True,True,True,False,False,-0.0139104958129128
AKI_vs_Reference,C-TAL-B,NOTCH3,85,39,0.0678512750498405,0.1077930066785726,0.0399417316287321,0.0681305380699247,False,0.0350531596979192,0.0605769977588447,False,1,2158.0,22363.0,34.0,1002.0,158.0,844.0,-0.8777475136105575,0.051540386630179,-0.0507473798404973,0.018394188707266,-1,110,77,33,-0.0306885596258541,-0.0233542683801834,-0.0718515642924144,-0.048497295912231,0.2239865397760134,-1,-0.0507473798404973,1.0,-0.1074953172566741,0.0195952994644913,0.112,-0.0693855501591167,0.0455849435466141,0.7119414055037095,1,1,True,True,False,False,True,-0.048497295912231
AKI_vs_Reference,C-TAL-B,PAPPA2,85,39,0.2459825421033941,0.6347228524302074,0.3887403103268132,3.7409108805261715e-09,True,0.4011141255743725,6.380473157383941e-10,True,1,2158.0,22363.0,34.0,1002.0,158.0,844.0,-0.8777475136105575,0.2319636214710916,0.4721563030002162,2.987900034373109e-120,1,110,77,33,0.0664839867739368,0.0596638013557851,0.1057383125410561,0.046074511185271,0.3885003885003884,1,0.4721563030002162,1.0,0.318014712550127,0.4659009872192359,1.0,0.4778267857497228,0.4979672841191407,0.0045179641746079,1,3,False,True,True,True,True,0.046074511185271
AKI_vs_Reference,aTAL2,CXCL12,83,40,0.147514714349609,0.0474059906927114,-0.1001087236568976,0.0922332091640502,False,-0.0946119218393986,0.0208068679731795,True,-1,1223.0,13427.0,34.0,842.0,822.0,20.0,1.36394459219767,0.0512134299056379,-0.406378435556941,7.795264928952952e-50,-1,102,66,36,-0.1020886339885991,-0.0864727327851006,-0.1958628101878087,-0.109390077402708,0.0133200133200133,-1,-0.406378435556941,1.0,-0.3983978250088621,-0.2123276391019213,0.0,-0.3831677688533487,-0.1298820838083541,0.9679317969110822,-1,3,False,True,True,True,True,-0.109390077402708
AKI_vs_Reference,aTAL2,EPHB2,83,40,0.1688876504985877,0.2834904003209585,0.1146027498223707,0.0008141354605933,True,0.1088475498249423,0.0203203864212227,True,1,1223.0,13427.0,34.0,842.0,822.0,20.0,1.36394459219767,0.2255532638496763,0.4520422110260043,1.245594729784914e-62,1,102,66,36,0.0544946589988639,0.0544946589988639,0.0536293321911549,-0.000865326807709,1.0,-1,0.4520422110260043,1.0,0.2206558437174096,0.4502224043696162,1.0,0.4445950110494194,0.1504607958084051,0.0209215281548701,1,2,True,True,True,False,False,-0.000865326807709
AKI_vs_Reference,aTAL2,HES1,83,40,0.2168034750226364,0.1337361459961279,-0.0830673290265085,0.5477539399928468,False,-0.0902875082510405,0.169059532835432,False,-1,1223.0,13427.0,34.0,842.0,822.0,20.0,1.36394459219767,0.1278896416942485,-0.0174610451241483,0.5418223382860471,-1,102,66,36,0.0249636324815018,0.0168108721970468,0.0426552888258303,0.0258444166287834,0.558388979441611,1,-0.0174610451241483,0.9834710743801652,-0.1297745979382158,0.1070535315545186,0.354,0.0220714635841344,-0.0197061468271707,0.7423211510847673,-1,2,True,True,True,False,False,0.0258444166287834
AKI_vs_Reference,aTAL2,NOTCH3,83,40,0.1147090810869753,0.0568210465880329,-0.0578880344989424,0.2861917426731787,False,-0.0625520847863077,0.0413135140996339,True,-1,1223.0,13427.0,34.0,842.0,822.0,20.0,1.36394459219767,0.0608705380346804,-0.0248027568528327,0.3861426261845612,-1,102,66,36,-0.0225584374671489,-0.035433228106032,-0.0137787621819323,0.0216544659240996,0.8015513897866839,1,-0.0248027568528327,0.9834710743801652,-0.1320730855078955,0.1485627774472077,0.488,-0.0058917461844304,-0.139631883681142,0.8666735177465871,-1,2,True,True,True,False,False,0.0216544659240996
AKI_vs_Reference,aTAL2,PAPPA2,83,40,0.389052952483209,0.6538943396381149,0.2648413871549059,0.0001119271518029,True,0.2683099924904691,0.0054428703099142,True,1,1223.0,13427.0,34.0,842.0,822.0,20.0,1.36394459219767,0.5028550067272645,0.0287916802410995,0.3143843922558941,1,102,66,36,0.0094224187436319,0.1114229446462596,-0.1742410255185807,-0.2856639701648403,0.0085628657057228,-1,0.0287916802410995,0.9917355371900828,-0.0862780006349862,0.2550788321173186,0.632,0.0426556522030156,0.48858124111212,0.0130898883640201,1,2,True,True,True,False,False,-0.2856639701648403
AKI_vs_Reference,frTAL,CXCL12,86,38,0.0977620920299429,0.0534128697229849,-0.0443492223069579,0.286782354956357,False,-0.0383588837033065,0.142484306179205,False,-1,638.0,7012.0,34.0,246.0,168.0,78.0,0.320877368931394,0.0318699695460596,0.1998396275005175,3.595676773786102e-07,1,106,70,36,0.0476049444593255,0.0671923391474636,0.0011890774605203,-0.0660032616869432,0.5609774840544072,-1,0.1998396275005175,1.0,0.0507481166041856,0.2374953593437525,1.0,0.1248327276336987,0.0338375797241545,0.2806956520228006,1,2,True,False,False,True,False,-0.0660032616869432
AKI_vs_Reference,frTAL,EPHB2,86,38,0.2012376555433949,0.302893994403177,0.1016563388597821,0.0771377872264848,False,0.096125846872332,0.0385519223007239,True,1,638.0,7012.0,34.0,246.0,168.0,78.0,0.320877368931394,0.2009536428874657,0.2525134534130156,9.748917798052431e-11,1,106,70,36,-0.002331023467328,-0.0323310403056781,0.045057804126796,0.0773888444324742,0.4742316507022389,1,0.2525134534130156,1.0,0.0960532230120883,0.2944883058009628,1.0,0.1929321028528549,0.1481964653724307,0.3345692902203347,1,3,False,True,True,True,True,0.0773888444324742
AKI_vs_Reference,frTAL,HES1,86,38,0.2243923797002294,0.1548704819785595,-0.0695218977216699,0.4560391250003201,False,-0.0802693410521433,0.1369438030387082,False,-1,638.0,7012.0,34.0,246.0,168.0,78.0,0.320877368931394,0.1912339923557574,-0.4441253885560662,3.2121922065549447e-32,-1,106,70,36,-0.0115681103761173,-0.0328608605119103,0.0497402345214293,0.0826010950333397,0.2307692307692307,1,-0.4441253885560662,1.0,-0.459670914760867,-0.2132664940366906,0.0,-0.4233338858715056,0.1202850089130812,0.2106527388811364,1,2,True,False,True,False,False,0.0826010950333397
AKI_vs_Reference,frTAL,NOTCH3,86,38,0.061727271434184,0.0979484064257986,0.0362211349916146,0.0127681283581665,True,0.0317993232747437,0.0780879240865418,False,1,638.0,7012.0,34.0,246.0,168.0,78.0,0.320877368931394,0.0498147935542652,0.2892053850289137,9.305414733133305e-14,1,106,70,36,0.0173955312773085,0.0034028592310883,0.0361885744201815,0.0327857151890932,0.7635842418451114,1,0.2892053850289137,1.0,0.1146136630767759,0.3339497057118059,1.0,0.2231989169576474,0.0469040175707534,0.1994759998558038,1,3,False,True,True,True,True,0.0327857151890932
AKI_vs_Reference,frTAL,PAPPA2,86,38,0.5502351673060603,0.689248107150654,0.1390129398445937,0.0800855683007517,False,0.1460434427217766,0.1190695665020619,False,1,638.0,7012.0,34.0,246.0,168.0,78.0,0.320877368931394,0.6419400207307246,0.3324324903833955,6.304776946231905e-18,1,106,70,36,0.1271607939958238,0.1964030075316317,0.0789108827838003,-0.1174921247478313,0.1455687169972884,-1,0.3324324903833955,1.0,0.2476067955440429,0.4145644541672588,1.0,0.4893690672048326,0.7305247945398169,0.0053046033149955,1,2,True,True,True,False,False,-0.1174921247478313
CKD_vs_Reference,C-TAL-A,CXCL12,86,84,0.5623903037932425,0.842687983580746,0.2802976797875035,8.833881047607228e-07,True,0.2457830636139844,0.0001075408678616,True,1,3735.0,39782.0,33.0,1172.0,290.0,882.0,-0.424511050147517,0.7674096380943511,0.0720260964729925,1.0524875071037163e-05,1,155,78,77,-0.0382572063874795,-0.0101328804470282,-0.0810710937051828,-0.0709382132581545,0.0085628657057228,-1,0.0720260964688454,1.0,-0.0264708984226046,0.140842558214397,0.926,0.0160648926558187,0.3896029532716459,0.0009365321359233,1,2,True,True,True,False,False,-0.0709382132581545
CKD_vs_Reference,C-TAL-A,EPHB2,86,84,0.1699743948190303,0.1759259847712069,0.0059515899521765,0.6936043146490904,False,0.006584028373309,0.8557389884919187,False,1,3735.0,39782.0,33.0,1172.0,290.0,882.0,-0.424511050147517,0.1374532779129255,0.0534122924896956,0.0010926647086255,1,155,78,77,-0.002074046728472,-0.0043373434611716,0.0002491991313515,0.0045865425925231,0.8015513897866839,1,0.0534122924896956,1.0,-0.0103312758102605,0.1034913375194548,0.92,0.0633288481968596,-0.0574371014387093,0.8942383563507774,-1,3,False,False,True,True,True,0.0045865425925231
CKD_vs_Reference,C-TAL-A,HES1,86,84,0.2733344623017212,0.3175276028562885,0.0441931405545673,0.8733437685563722,False,0.0489388207696576,0.4536848179623924,False,1,3735.0,39782.0,33.0,1172.0,290.0,882.0,-0.424511050147517,0.2691031011617,-0.0704076342264993,1.6560125609673227e-05,-1,155,78,77,-0.0031025269733153,-0.0191682538077828,0.0089372598205272,0.02810551362831,0.1598401598401598,1,-0.0704076342264993,1.0,-0.13233517201539,0.038388621461892,0.148,-0.0462894781815401,0.0340837658161078,0.8816627078883459,1,2,True,True,False,True,False,0.02810551362831
CKD_vs_Reference,C-TAL-A,NOTCH3,86,84,0.1522360727347559,0.1602102482167001,0.0079741754819442,0.8897639843166161,False,0.0145937193668203,0.5362400408699864,False,1,3735.0,39782.0,33.0,1172.0,290.0,882.0,-0.424511050147517,0.128829837555152,-0.123758984752696,3.1953611477174873e-14,-1,155,78,77,-0.0347318275790367,-0.0256526840882488,-0.0604414705546594,-0.0347887864664105,0.0749250749250749,-1,-0.123758984752696,1.0,-0.1376333053977071,-0.0343060411955563,0.0,-0.1343211315727031,0.0146156118013326,0.632119168475877,1,1,True,True,False,False,True,-0.0347887864664105
CKD_vs_Reference,C-TAL-A,PAPPA2,86,84,0.504639205244583,1.443295273355974,0.9386560681113912,6.186201568470896e-16,True,0.8967666252561293,8.720208878256859e-16,True,1,3735.0,39782.0,33.0,1172.0,290.0,882.0,-0.424511050147517,0.6102756295072567,0.6884886172557344,0.0,1,155,78,77,0.2044154250298632,0.1995703860503824,0.2066084010975841,0.0070380150472016,0.8202908202908203,1,0.6884886172557344,1.0,0.6138301264584962,0.6804016686322831,1.0,0.6778796311090435,1.3529120993936083,1.162211616141846e-10,1,3,False,True,True,True,True,0.0070380150472016
CKD_vs_Reference,C-TAL-B,CXCL12,85,83,0.2312860053647309,0.4239003842446875,0.1926143788799565,7.47250537290556e-05,True,0.1914647417015468,0.0002365329130311,True,1,2672.0,27282.0,34.0,342.0,102.0,240.0,-0.221292642571039,0.3097858872797749,-0.2314398178031798,7.997641330504904e-34,-1,151,78,73,-0.0800331760030971,-0.0677615465339801,-0.0981774888837157,-0.0304159423497355,0.3351194260285169,-1,-0.2314398178031798,1.0,-0.2483702877007422,-0.1409634179671095,0.0,-0.2227425167832493,0.1985916282842503,0.0219026908071149,1,1,True,True,False,False,True,-0.0304159423497355
CKD_vs_Reference,C-TAL-B,EPHB2,85,83,0.0561368593716362,0.070765284771981,0.0146284254003447,0.9911038145804648,False,0.0142428595314687,0.4484472606269425,False,1,2672.0,27282.0,34.0,342.0,102.0,240.0,-0.221292642571039,0.0276634642047751,-0.1652289221083763,8.249829950739571e-18,-1,151,78,73,-0.0229145089358983,-0.0229145089358983,-0.0259206111756668,-0.0030061022397685,0.9947946790052052,-1,-0.1652289221083763,1.0,-0.1811671158396413,-0.0767355619513779,0.0,-0.1234287304965445,0.0146011145705201,0.3079171493764558,1,1,True,True,False,False,True,-0.0030061022397685
CKD_vs_Reference,C-TAL-B,HES1,85,83,0.1171129020843088,0.1163785682095552,-0.0007343338747535,0.5419189463015125,False,0.0038686253071404,0.9211154651063356,False,-1,2672.0,27282.0,34.0,342.0,102.0,240.0,-0.221292642571039,0.0980687232799612,0.0201081452281829,0.2987876669932126,1,151,78,73,0.0015677962842184,0.0052914328210722,0.0,-0.0052914328210722,0.6493506493506493,-1,0.0201081452281829,1.0,-0.0369411265009547,0.0610161209607944,0.696,0.0518087197348379,0.0121139743683722,0.3576554588372506,1,2,True,False,False,True,False,-0.0052914328210722
CKD_vs_Reference,C-TAL-B,NOTCH3,85,83,0.0678512750498405,0.095415031486181,0.0275637564363404,0.1348791675788888,False,0.0284153627354807,0.0430119729518041,True,1,2672.0,27282.0,34.0,342.0,102.0,240.0,-0.221292642571039,0.0604075438552544,-0.0617466284154178,0.0014064556363223,-1,151,78,73,-0.0235038799519543,-0.0235038799519543,-0.0219885895392617,0.0015152904126925,0.9947946790052052,1,-0.0617466284154178,1.0,-0.1036963282005205,0.0161061943952843,0.064,-0.0393002784311293,0.0175886452361103,0.7119414055037095,1,2,True,True,False,True,False,0.0015152904126925
CKD_vs_Reference,C-TAL-B,PAPPA2,85,83,0.2459825421033941,0.7640978099013388,0.5181152677979446,2.5577780660631827e-11,True,0.4971938990410794,2.695743716898798e-10,True,1,2672.0,27282.0,34.0,342.0,102.0,240.0,-0.221292642571039,0.2865832834515471,0.5354071732421898,4.071957769410287e-198,1,151,78,73,0.1002763975726848,0.0666840796831867,0.1596299661825939,0.0929458864994072,0.0085628657057228,1,0.5354071732421898,1.0,0.4092949852101601,0.5104484003671859,1.0,0.534069630129622,0.6809864905473983,4.998961694213868e-06,1,3,False,True,True,True,True,0.0929458864994072
CKD_vs_Reference,aTAL2,CXCL12,83,81,0.147514714349609,0.1647358149220134,0.0172211005724043,0.626300142518579,False,0.0266939491533182,0.5504643098789542,False,1,782.0,9367.0,34.0,282.0,34.0,248.0,-0.405560410315843,0.0781367155655368,-0.0989152924549154,0.0056321820452351,-1,130,64,66,-0.0393050861064577,-0.0476914957768179,-0.0311299199441924,0.0165615758326254,0.8202908202908203,1,-0.0989152924549154,1.0,-0.1606500507486228,0.0330016052169504,0.08,-0.1850178375035709,0.1407720983467951,0.5532294696924488,1,2,True,True,False,True,False,0.0165615758326254
CKD_vs_Reference,aTAL2,EPHB2,83,81,0.1688876504985877,0.2309885210968812,0.0621008705982935,0.1348791675788888,False,0.0451997100007245,0.3675416778758476,False,1,782.0,9367.0,34.0,282.0,34.0,248.0,-0.405560410315843,0.1798998959373974,0.0401517388360882,0.2620878801727435,1,130,64,66,-0.0048636936688796,0.009244873762574,-0.0569062045940038,-0.0661510783565778,0.3428571428571428,-1,0.0401517388360882,1.0,-0.0572645390821223,0.1222532175388548,0.756,0.0278724017281159,0.0258875838147684,0.9509506596754058,1,2,True,True,True,False,False,-0.0661510783565778
CKD_vs_Reference,aTAL2,HES1,83,81,0.2168034750226364,0.1047777055171957,-0.1120257695054406,0.0715941402695653,False,-0.0964202287290426,0.056469707032279,False,-1,782.0,9367.0,34.0,282.0,34.0,248.0,-0.405560410315843,0.1036512865815577,-0.1549745204142547,1.3420044222598175e-05,-1,130,64,66,0.0009277632159038,0.0009277632159038,0.0024669741773083,0.0015392109614044,1.0,1,-0.1549745204142547,1.0,-0.2000747204973285,-0.0436622592670473,0.0,-0.2444973585514106,-0.16952142760715,0.0373764632939438,-1,2,True,True,True,False,False,0.0015392109614044
CKD_vs_Reference,aTAL2,NOTCH3,83,81,0.1147090810869753,0.0872387504843414,-0.0274703306026339,0.3677958883800869,False,-0.021717621345891,0.4536848179623924,False,-1,782.0,9367.0,34.0,282.0,34.0,248.0,-0.405560410315843,0.0670860213333441,-0.0778448683432434,0.0295032612325849,-1,130,64,66,-0.0266068470333379,-0.0205978037691929,-0.043929329877649,-0.023331526108456,0.8202908202908203,-1,-0.0778448683432434,0.9937106918238994,-0.170941412007571,0.111232439753741,0.416,-0.0883329294477965,-0.1200775013610122,0.3576554588372506,-1,3,False,True,True,True,True,-0.023331526108456
CKD_vs_Reference,aTAL2,PAPPA2,83,81,0.389052952483209,0.8727623590779527,0.4837094065947437,3.136275841709398e-09,True,0.4908983178248175,1.233095226959125e-07,True,1,782.0,9367.0,34.0,282.0,34.0,248.0,-0.405560410315843,0.5240480418044038,0.4920779045108236,6.332197373632451e-49,1,130,64,66,0.1911171238324431,0.2499741489043362,0.1613276756564022,-0.0886464732479339,0.2239865397760134,-1,0.4920779045108236,1.0,0.3411516224409181,0.6075614597307457,1.0,0.5039078908979517,0.8927877436912814,0.0061209378843214,1,2,True,True,True,False,False,-0.0886464732479339
CKD_vs_Reference,frTAL,CXCL12,86,83,0.0977620920299429,0.0988058367094601,0.0010437446795172,0.2473431578034348,False,0.0003368211854394,0.993887740544124,False,1,1268.0,13543.0,34.0,982.0,956.0,26.0,1.1376827746154752,0.0584755125626331,0.1898146088522188,9.460370112706156e-12,1,143,69,74,-0.0109975806973883,0.0090898603447059,-0.0208868913346417,-0.0299767516793477,0.558388979441611,-1,0.1898146088522188,1.0,0.0634423559825844,0.2152861617235935,1.0,0.1929807915862483,0.0834312057107165,0.0058097422910152,1,2,True,True,True,False,False,-0.0299767516793477
CKD_vs_Reference,frTAL,EPHB2,86,83,0.2012376555433949,0.2164225944592924,0.0151849389158975,0.483083270710291,False,0.0123555170443767,0.7373287778419273,False,1,1268.0,13543.0,34.0,982.0,956.0,26.0,1.1376827746154752,0.20445951114853,-0.0262670621368757,0.3500036273050456,-1,143,69,74,-0.0340313683714601,-0.0215306877482379,-0.0530726554806659,-0.0315419677324279,0.438846867418296,-1,-0.0262670621368757,1.0,-0.0927683192589983,0.0450349675862738,0.282,-0.0238753909348696,-0.0063604066439006,0.3334335530220426,-1,1,True,False,False,False,True,-0.0315419677324279
CKD_vs_Reference,frTAL,HES1,86,83,0.2243923797002294,0.1633437071300194,-0.06104867257021,0.3728617341634594,False,-0.0620588476700759,0.1369438030387082,False,-1,1268.0,13543.0,34.0,982.0,956.0,26.0,1.1376827746154752,0.1724651678026365,-0.2738408522801959,3.0203274407328215e-23,-1,143,69,74,-0.0339817231593808,-0.0659166575584028,-0.0270583218530522,0.0388583357053505,0.4712528850459885,1,-0.2738408522801959,1.0,-0.2853122508348754,-0.1567120225476262,0.0,-0.2875849253346531,0.0136115336485057,0.3162655940921158,1,2,True,False,True,False,False,0.0388583357053505
CKD_vs_Reference,frTAL,NOTCH3,86,83,0.061727271434184,0.0828275878694081,0.0211003164352241,0.1076124984260151,False,0.0178723278425914,0.3498056177789945,False,1,1268.0,13543.0,34.0,982.0,956.0,26.0,1.1376827746154752,0.0527781467154529,0.1103320907283031,8.25189123623813e-05,1,143,69,74,-0.029284560289198,-0.0395256176742551,0.0021440407989424,0.0416696584731976,0.3428571428571428,1,0.1103320907283031,1.0,-0.009159526727653,0.1485590856639347,0.948,0.1148087142498741,0.0444848385224708,0.0064911629870972,1,3,False,True,True,True,True,0.0416696584731976
CKD_vs_Reference,frTAL,PAPPA2,86,83,0.5502351673060603,1.0266403382274936,0.4764051709214333,9.86928658565694e-12,True,0.4333868181188101,1.950131675010692e-08,True,1,1268.0,13543.0,34.0,982.0,956.0,26.0,1.1376827746154752,0.8789699610013377,0.6076597622732088,7.513986203632006e-129,1,143,69,74,0.2271410881976185,0.2681755591399553,0.2124769908146945,-0.0556985683252607,0.2239865397760134,-1,0.6076597622732088,1.0,0.5290186280535871,0.6058470645976354,1.0,0.6091849987317788,1.0374148467210769,2.0762063344227724e-06,1,2,True,True,True,False,False,-0.0556985683252607
all_disease,C-TAL-A,CXCL12,86,124,0.5623903037932425,0.7459046098958985,0.1835143061026559,0.0005057024317134,True,0.1614209136353321,0.0061007405083972,True,1,4012.0,41957.0,33.0,1797.0,333.0,1464.0,-0.496349830019011,0.7740957186014423,-0.0493918565052604,0.0017514422550067,-1,190,78,112,-0.0720309389113866,-0.0294115209334821,-0.1400250855951751,-0.1106135646616929,0.0085628657057228,-1,-0.0493918565052604,1.0,-0.11492017797878,0.0280619277318411,0.148,-0.084101922958903,0.2816629155838338,0.0128785703441249,1,1,True,True,False,False,True,-0.1106135646616929
all_disease,C-TAL-A,EPHB2,86,124,0.1699743948190303,0.2018111035749733,0.031836708755943,0.1348791675788888,False,0.0380409983200323,0.1243770027556617,False,1,4012.0,41957.0,33.0,1797.0,333.0,1464.0,-0.496349830019011,0.1400315006880903,0.0656117550464636,3.1956224986474374e-05,1,190,78,112,-0.0025148797162208,0.0073274559680615,-0.0093460583309054,-0.016673514298967,0.4742316507022389,-1,0.0656117550464636,1.0,-0.0115312771498108,0.1164355568929159,0.94,0.0713622579154629,0.0003294736376881,0.6123835303085267,1,2,True,True,True,False,False,-0.016673514298967
all_disease,C-TAL-A,HES1,86,124,0.2733344623017212,0.2833549136619177,0.0100204513601964,0.6936043146490904,False,0.0050690977771984,0.9367095003875768,False,1,4012.0,41957.0,33.0,1797.0,333.0,1464.0,-0.496349830019011,0.2650918586467635,-0.0803189120510429,3.50449762937796e-07,-1,190,78,112,0.0002184027651922,-0.0027819556495575,0.0148561186511014,0.017638074300659,0.3428571428571428,1,-0.0803189120510429,1.0,-0.120782071055966,0.0154314774957502,0.07,-0.074510261030714,-0.005183313466327,0.8816627078883459,-1,2,True,False,False,True,False,0.017638074300659
all_disease,C-TAL-A,NOTCH3,86,124,0.1522360727347559,0.1555271388073708,0.0032910660726149,0.7431463737417825,False,0.0108503459570553,0.6078103562653333,False,1,4012.0,41957.0,33.0,1797.0,333.0,1464.0,-0.496349830019011,0.129587755167093,-0.1797477218760656,1.755342351078989e-30,-1,190,78,112,-0.0446881457759638,-0.0346247939286558,-0.0528427017249505,-0.0182179077962947,0.4742316507022389,-1,-0.1797477460261027,1.0,-0.1830715654509977,-0.0666865630021053,0.0,-0.1846408680431983,-0.0019796380214639,0.8040651107562967,-1,1,True,False,False,False,True,-0.0182179077962947
all_disease,C-TAL-A,PAPPA2,86,124,0.504639205244583,1.3986046868004822,0.8939654815558993,1.595038241827081e-19,True,0.8583150231754951,2.9316008668909573e-19,True,1,4012.0,41957.0,33.0,1797.0,333.0,1464.0,-0.496349830019011,0.6482008151880077,0.7289520585018874,0.0,1,190,78,112,0.2091024342233677,0.2005494849205535,0.2117091380854631,0.0111596531649096,0.6766566766566767,1,0.7289520585018874,1.0,0.6650900871701574,0.7133752554476696,1.0,0.7299635179656239,1.4338012819184578,1.53896882530772e-13,1,3,False,True,True,True,True,0.0111596531649096
all_disease,C-TAL-B,CXCL12,85,122,0.2312860053647309,0.3356079770834043,0.1043219717186734,0.0936188426935603,False,0.096160702866309,0.0413135140996339,True,1,2805.0,29412.0,34.0,715.0,202.0,513.0,-0.294247447923327,0.2988075710899739,-0.3273344254312524,4.7793764856710064e-71,-1,182,78,104,-0.0933058005801955,-0.0645731713822038,-0.1312211860397153,-0.0666480146575114,0.0435927708654981,-1,-0.3273344254312524,1.0,-0.328674939922808,-0.2423286445276775,0.0,-0.3275180005306325,0.0926659454896443,0.3334335530220426,1,1,True,True,False,False,True,-0.0666480146575114
all_disease,C-TAL-B,EPHB2,85,122,0.0561368593716362,0.089458077305055,0.0333212179334187,0.4109039958851381,False,0.0328649884218775,0.0744390420642221,False,1,2805.0,29412.0,34.0,715.0,202.0,513.0,-0.294247447923327,0.0303826338261249,-0.0774600060865536,4.011801326081462e-05,-1,182,78,104,-0.0098523099810278,-0.0137389016518646,0.0065119842823178,0.0202508859341825,0.5844155844155845,1,-0.0774600060865536,1.0,-0.1176236497646176,0.004104999117121,0.034,-0.0891301634187241,0.0401146462940953,0.0753875998800969,1,2,True,True,False,True,False,0.0202508859341825
all_disease,C-TAL-B,HES1,85,122,0.1171129020843088,0.1195456240927595,0.0024327220084507,0.5419189463015125,False,0.0030396181028699,0.9211154651063356,False,1,2805.0,29412.0,34.0,715.0,202.0,513.0,-0.294247447923327,0.0999953339334615,0.0776429431526842,3.84623768350436e-05,1,182,78,104,0.0098108239789872,0.0143111137165935,-0.0012868673683016,-0.0155979810848952,0.5906288833118101,-1,0.0776429431526842,1.0,-0.0052270445156868,0.1132005693862009,0.962,0.0770194327857647,0.0268569218678559,0.3169672207595695,1,2,True,True,True,False,False,-0.0155979810848952
all_disease,C-TAL-B,NOTCH3,85,122,0.0678512750498405,0.0993719251952242,0.0315206501453837,0.057884277729966,False,0.03592863398516,0.0108393302615743,True,1,2805.0,29412.0,34.0,715.0,202.0,513.0,-0.294247447923327,0.06259577649921,-0.0271161856703639,0.1510711885696495,-1,182,78,104,-0.0301806029030815,-0.0237049462752423,-0.0422984204368532,-0.0185934741616109,0.4863707720850578,-1,-0.0271161856703639,1.0,-0.080121930053579,0.0376809377700221,0.21,-0.028915245939578,0.025849848016259,0.669280898026873,1,1,True,True,False,False,True,-0.0185934741616109
all_disease,C-TAL-B,PAPPA2,85,122,0.2459825421033941,0.7227402415294197,0.4767576994260255,4.9141896304736285e-14,True,0.4603689667219411,9.173584274419627e-12,True,1,2805.0,29412.0,34.0,715.0,202.0,513.0,-0.294247447923327,0.3045548225375626,0.6021463367380633,1.9976230405367444e-276,1,182,78,104,0.0978302863524843,0.0527720927616515,0.1533855951242471,0.1006135023625955,0.0133200133200133,1,0.6021463367380633,1.0,0.4747854904272396,0.565248742119576,1.0,0.6023840574433967,0.6269808230767651,2.0762063344227724e-06,1,3,False,True,True,True,True,0.1006135023625955
all_disease,aTAL2,CXCL12,83,121,0.147514714349609,0.1259490961685251,-0.0215656181810839,0.7185357337639551,False,-0.0222925937616387,0.5489725526870587,False,-1,1465.0,15814.0,34.0,632.0,548.0,84.0,0.437126709606359,0.0616325052358953,-0.3883351646919852,6.2750396118647e-54,-1,168,63,105,-0.1065024560247575,-0.087896666062171,-0.1338356833619046,-0.0459390172997335,0.2239865397760134,-1,-0.3883351646919852,1.0,-0.3874644727204662,-0.2286742207029114,0.0,-0.3947285819691989,0.0392767800386141,0.7119414055037095,1,3,False,False,True,True,True,-0.0459390172997335
all_disease,aTAL2,EPHB2,83,121,0.1688876504985877,0.2483445142288076,0.0794568637302198,0.0105656583172456,True,0.0755643731557512,0.0605769977588447,False,1,1465.0,15814.0,34.0,632.0,548.0,84.0,0.437126709606359,0.2270510473234112,0.3027476874992747,1.9740065971804384e-32,1,168,63,105,0.026316634008434,0.0395212939243968,-0.0027824209875049,-0.0423037149119018,0.4742316507022389,-1,0.3027476874992747,1.0,0.0907968814535844,0.331541879728476,1.0,0.300420109529004,0.0726025383123822,0.3334335530220426,1,2,True,True,True,False,False,-0.0423037149119018
all_disease,aTAL2,HES1,83,121,0.2168034750226364,0.1143507436920493,-0.1024527313305871,0.1076124984260151,False,-0.0944477116124754,0.0213839803640185,True,-1,1465.0,15814.0,34.0,632.0,548.0,84.0,0.437126709606359,0.1262982600018083,-0.0483694273212402,0.0641899373993693,-1,168,63,105,0.0168745827081664,-0.0110743912499426,0.0258004361654146,0.0368748274153572,0.3873050026896181,1,-0.0483694273212402,1.0,-0.1696173361510118,0.0769313541661732,0.218,-0.0265807709190489,-0.1133406973146577,0.3576554588372506,-1,2,True,True,True,False,False,0.0368748274153572
all_disease,aTAL2,NOTCH3,83,121,0.1147090810869753,0.0771833111797766,-0.0375257699071987,0.2473431578034348,False,-0.034667935267407,0.1184849657241666,False,-1,1465.0,15814.0,34.0,632.0,548.0,84.0,0.437126709606359,0.0641399336983108,-0.0405365877570016,0.1209343085618905,-1,168,63,105,-0.0307048620352008,-0.039562655104436,-0.0095876040055201,0.0299750510989159,0.6766566766566767,1,-0.0405365877570016,0.9950248756218906,-0.13952331983522,0.1461503284439758,0.462,-0.0291594460538112,-0.1274103947310609,0.7423211510847673,-1,2,True,True,True,False,False,0.0299750510989159
all_disease,aTAL2,PAPPA2,83,121,0.389052952483209,0.8004092948003204,0.4113563423171114,9.218760701691641e-10,True,0.4062078322401286,1.825877272531872e-07,True,1,1465.0,15814.0,34.0,632.0,548.0,84.0,0.437126709606359,0.4922968839198925,0.14526283363439,2.338582900439211e-08,1,168,63,105,0.0540859734982456,0.1825141985939012,-0.0237530966203328,-0.2062672952142341,0.0085628657057228,-1,0.14526283363439,1.0,0.0045367960904666,0.3415280197149691,0.978,0.1530440801202998,0.7412103052240961,0.00341511465392,1,2,True,True,True,False,False,-0.2062672952142341
all_disease,frTAL,CXCL12,86,121,0.0977620920299429,0.084550194184782,-0.0132118978451609,0.6936043146490904,False,-0.0126778829196969,0.5094462723162985,False,-1,1332.0,14500.0,34.0,1023.0,996.0,27.0,0.9507937361496306,0.0573048043543226,0.1369138843954392,5.280394715591304e-07,1,176,69,107,0.0009185482318469,0.0113641327782911,-0.0088847094015143,-0.0202488421798054,0.6766566766566767,-1,0.1369138843954392,1.0,0.013429806386049,0.1674120864951277,0.988,0.118111466506609,0.0699820867991065,0.0116437026257132,1,2,True,False,False,True,False,-0.0202488421798054
all_disease,frTAL,EPHB2,86,121,0.2012376555433949,0.2435789018796859,0.042341246336291,0.1927344361612187,False,0.0510062862484793,0.1016511864036948,False,1,1332.0,14500.0,34.0,1023.0,996.0,27.0,0.9507937361496306,0.205544918039248,-0.0148762333907464,0.587507263672378,-1,176,69,107,-0.0352595146821314,-0.0285249126728981,-0.0422313506111268,-0.0137064379382287,0.8015513897866839,-1,-0.0148762333907464,0.995049504950495,-0.0901179776202917,0.049897076054375,0.292,-0.0517798897677462,0.0355533213605281,0.2994927443782738,1,1,True,True,False,False,True,-0.0137064379382287
all_disease,frTAL,HES1,86,121,0.2243923797002294,0.1606826942725361,-0.0637096854276933,0.320326474273634,False,-0.0655061638243761,0.0605769977588447,False,-1,1332.0,14500.0,34.0,1023.0,996.0,27.0,0.9507937361496306,0.1651861754039053,-0.304522207717488,5.5819339953312445e-30,-1,176,69,107,-0.0422384053351624,-0.0764885930618604,-0.0156482946527658,0.0608402984090945,0.1455687169972884,1,-0.304522207717488,1.0,-0.3106319077974791,-0.1681258674717905,0.0,-0.2761107661827776,0.0425399337202549,0.2300409398042831,1,2,True,False,True,False,False,0.0608402984090945
all_disease,frTAL,NOTCH3,86,121,0.061727271434184,0.0875762746887704,0.0258490032545864,0.0211695971833083,True,0.0242463126134177,0.1190695665020619,False,1,1332.0,14500.0,34.0,1023.0,996.0,27.0,0.9507937361496306,0.0555141417238648,0.1663044600472952,1.0189398103156426e-09,1,176,69,107,-0.0155869921597137,-0.0430977829799693,0.0133857989884316,0.0564835819684009,0.262594548308834,1,0.1663044600472952,1.0,0.0409528156815382,0.1939189181341132,0.994,0.134005566351829,0.0451408870779373,0.010753752710357,1,3,False,True,True,True,True,0.0564835819684009
all_disease,frTAL,PAPPA2,86,121,0.5502351673060603,0.9206824474760894,0.3704472801700291,2.586247988027752e-09,True,0.3281964577221965,9.680183618983925e-07,True,1,1332.0,14500.0,34.0,1023.0,996.0,27.0,0.9507937361496306,0.91243493015645,0.5250788473113202,2.8942753653658e-95,1,176,69,107,0.215209392155481,0.2706653896916809,0.1809796235420458,-0.0896857661496351,0.0179820179820179,-1,0.5250788473113202,1.0,0.457639224107597,0.5347175768250162,1.0,0.549800382482663,0.9541904257905656,2.0762063344227724e-06,1,2,True,True,True,False,False,-0.0896857661496351
