comparison,subclass,cells_total,donors_total,eligible_donors,eligible_reference_donors,eligible_disease_donors,median_cells_per_eligible_donor,min_cells_per_donor,model_fit,gene,permutations,observed_median_rho_all,p_all,observed_median_rho_reference,p_reference,observed_median_rho_disease,p_disease,observed_disease_minus_reference,p_disease_minus_reference,positive_all,negative_all,positive_reference,negative_reference,positive_disease,negative_disease,FDR_p_all,FDR_p_reference,FDR_p_disease,FDR_p_disease_minus_reference
all_disease,C-TAL-A,41957,206,190,78,112,87.0,5,True,PAPPA2,1000,0.20910243422336774,0.000999000999000999,0.20054948492055358,0.000999000999000999,0.21170913808546318,0.000999000999000999,0.011159653164909605,0.5074925074925075,163,24,67,9,96,15,0.0026060895626113015,0.0035258858788270553,0.0027245481790936334,0.6766566766566767
all_disease,C-TAL-A,41957,206,190,78,112,87.0,5,True,CXCL12,1000,-0.07203093891138665,0.000999000999000999,-0.029411520933482187,0.029970029970029972,-0.14002508559517518,0.000999000999000999,-0.11061356466169299,0.000999000999000999,55,131,28,49,27,82,0.0026060895626113015,0.07492507492507493,0.0027245481790936334,0.008562865705722848
all_disease,C-TAL-A,41957,206,190,78,112,87.0,5,True,NOTCH3,1000,-0.04468814577596385,0.000999000999000999,-0.03462479392865584,0.007992007992007992,-0.05284270172495056,0.000999000999000999,-0.018217907796294716,0.24175824175824176,55,124,23,52,32,72,0.0026060895626113015,0.02283430854859426,0.0027245481790936334,0.4742316507022389
all_disease,C-TAL-A,41957,206,190,78,112,87.0,5,True,HES1,1000,0.0002184027651922168,0.967032967032967,-0.002781955649557559,0.8421578421578422,0.014856118651101457,0.12287712287712288,0.017638074300659015,0.14285714285714285,91,87,36,39,55,48,0.967032967032967,0.856431703889331,0.19365250134480907,0.34285714285714286
all_disease,C-TAL-A,41957,206,190,78,112,87.0,5,True,EPHB2,1000,-0.002514879716220863,0.7202797202797203,0.007327455968061586,0.5564435564435565,-0.009346058330905474,0.3356643356643357,-0.01667351429896706,0.2647352647352647,89,90,40,34,49,56,0.8081204509775938,0.681359456869661,0.4285076625502157,0.4742316507022389
all_disease,C-TAL-B,29412,199,182,78,104,79.0,5,True,PAPPA2,1000,0.09783028635248432,0.000999000999000999,0.052772092761651596,0.000999000999000999,0.15338559512424713,0.000999000999000999,0.10061350236259553,0.001998001998001998,132,41,48,24,84,17,0.0026060895626113015,0.0035258858788270553,0.0027245481790936334,0.01332001332001332
all_disease,C-TAL-B,29412,199,182,78,104,79.0,5,True,CXCL12,1000,-0.09330580058019558,0.000999000999000999,-0.06457317138220382,0.000999000999000999,-0.1312211860397153,0.000999000999000999,-0.06664801465751148,0.007992007992007992,33,137,18,56,15,81,0.0026060895626113015,0.0035258858788270553,0.0027245481790936334,0.043592770865498134
all_disease,C-TAL-B,29412,199,182,78,104,79.0,5,True,NOTCH3,1000,-0.030180602903081513,0.003996003996003996,-0.023704946275242358,0.11888111888111888,-0.04229842043685326,0.000999000999000999,-0.0185934741616109,0.2837162837162837,62,105,27,44,35,61,0.009221547683086143,0.23009248815700428,0.0027245481790936334,0.4863707720850578
all_disease,C-TAL-B,29412,199,182,78,104,79.0,5,True,HES1,1000,0.009810823978987278,0.2827172827172827,0.014311113716593597,0.3646353646353646,-0.0012868673683016781,0.8951048951048951,-0.015597981084895275,0.4035964035964036,88,77,44,30,44,47,0.3687616731094992,0.49723004268458815,0.9422156790577844,0.5906288833118101
all_disease,C-TAL-B,29412,199,182,78,104,79.0,5,True,EPHB2,1000,-0.009852309981027835,0.26173826173826176,-0.013738901651864692,0.37362637362637363,0.006511984282317872,0.5324675324675324,0.020250885934182564,0.38961038961038963,74,79,30,38,44,41,0.34898434898434905,0.4981684981684981,0.6264323911382734,0.5844155844155845
all_disease,aTAL2,15814,201,168,63,105,26.5,5,True,PAPPA2,1000,0.0540859734982456,0.000999000999000999,0.18251419859390128,0.000999000999000999,-0.023753096620332856,0.12187812187812187,-0.20626729521423415,0.000999000999000999,97,65,47,10,50,55,0.0026060895626113015,0.0035258858788270553,0.19365250134480907,0.008562865705722848
all_disease,aTAL2,15814,201,168,63,105,26.5,5,True,CXCL12,1000,-0.10650245602475752,0.000999000999000999,-0.08789666606217103,0.006993006993006993,-0.1338356833619046,0.000999000999000999,-0.04593901729973357,0.06993006993006994,32,108,14,38,18,70,0.0026060895626113015,0.02097902097902098,0.0027245481790936334,0.22398653977601346
all_disease,aTAL2,15814,201,168,63,105,26.5,5,True,NOTCH3,1000,-0.030704862035200804,0.03296703296703297,-0.03956265510443609,0.22477522477522477,-0.0095876040055201,0.5084915084915085,0.02997505109891599,0.5044955044955045,57,74,19,32,38,42,0.059940059940059943,0.3458080381157304,0.6101898101898101,0.6766566766566767
all_disease,aTAL2,15814,201,168,63,105,26.5,5,True,HES1,1000,0.016874582708166445,0.23076923076923078,-0.011074391249942608,0.6663336663336663,0.025800436165414685,0.1038961038961039,0.03687482741535729,0.16783216783216784,75,62,24,28,51,34,0.3220035778175313,0.7577328332045313,0.17316017316017318,0.3873050026896181
all_disease,aTAL2,15814,201,168,63,105,26.5,5,True,EPHB2,1000,0.026316634008434057,0.055944055944055944,0.039521293924396836,0.21978021978021978,-0.0027824209875049965,0.8141858141858141,-0.04230371491190183,0.2597402597402597,80,64,35,17,45,47,0.09072009072009073,0.3458080381157304,0.9046509046509046,0.4742316507022389
all_disease,frTAL,14500,202,176,69,107,43.5,5,True,PAPPA2,1000,0.21520939215548107,0.000999000999000999,0.27066538969168097,0.000999000999000999,0.18097962354204583,0.000999000999000999,-0.08968576614963514,0.002997002997002997,146,23,57,7,89,16,0.0026060895626113015,0.0035258858788270553,0.0027245481790936334,0.01798201798201798
all_disease,frTAL,14500,202,176,69,107,43.5,5,True,CXCL12,1000,0.0009185482318469155,0.8811188811188811,0.011364132778291135,0.5804195804195804,-0.008884709401514342,0.5494505494505495,-0.02024884217980548,0.4995004995004995,67,66,26,20,41,46,0.9115022908126357,0.6965034965034965,0.6339814032121726,0.6766566766566767
all_disease,frTAL,14500,202,176,69,107,43.5,5,True,NOTCH3,1000,-0.01558699215971374,0.21978021978021978,-0.043097782979969336,0.053946053946053944,0.013385798988431627,0.36563436563436563,0.05648358196840096,0.0919080919080919,69,73,20,30,49,43,0.3139717425431711,0.11559868702725846,0.45704295704295705,0.262594548308834
all_disease,frTAL,14500,202,176,69,107,43.5,5,True,HES1,1000,-0.04223840533516246,0.000999000999000999,-0.07648859306186044,0.001998001998001998,-0.015648294652765855,0.2937062937062937,0.060840298409094586,0.03396603396603397,64,89,20,40,44,49,0.0026060895626113015,0.00666000666000666,0.3916083916083916,0.14556871699728843
all_disease,frTAL,14500,202,176,69,107,43.5,5,True,EPHB2,1000,-0.03525951468213142,0.006993006993006993,-0.028524912672898105,0.18981018981018982,-0.04223135061112689,0.005994005994005994,-0.013706437938228788,0.6753246753246753,62,100,25,34,37,66,0.014985014985014986,0.31635031635031635,0.013832321524629217,0.8015513897866839
AKI_vs_Reference,C-TAL-A,32822,123,114,78,36,107.5,5,True,PAPPA2,1000,0.15759182045226122,0.000999000999000999,0.14298803772906468,0.000999000999000999,0.16770686615800684,0.000999000999000999,0.024718828428942158,0.3166833166833167,95,17,66,10,29,7,0.0026060895626113015,0.0035258858788270553,0.0027245481790936334,0.5278055278055278
AKI_vs_Reference,C-TAL-A,32822,123,114,78,36,107.5,5,True,CXCL12,1000,-0.08281705688758108,0.000999000999000999,-0.052916157390041005,0.000999000999000999,-0.20683446851290926,0.000999000999000999,-0.15391831112286825,0.000999000999000999,28,84,23,55,5,29,0.0026060895626113015,0.0035258858788270553,0.0027245481790936334,0.008562865705722848
AKI_vs_Reference,C-TAL-A,32822,123,114,78,36,107.5,5,True,NOTCH3,1000,-0.03627383384863127,0.000999000999000999,-0.03627383384863127,0.00999000999000999,-0.03612030556439896,0.001998001998001998,0.00015352828423230436,1.0,33,76,21,55,12,21,0.0026060895626113015,0.027245481790936336,0.005212179125222603,1.0
AKI_vs_Reference,C-TAL-A,32822,123,114,78,36,107.5,5,True,HES1,1000,-0.010232488410538301,0.23776223776223776,-0.005305771317301518,0.6883116883116883,-0.030788487804254208,0.007992007992007992,-0.02548271648695269,0.24575424575424576,50,59,36,40,14,19,0.32422123331214237,0.7647907647907647,0.01776001776001776,0.4742316507022389
AKI_vs_Reference,C-TAL-A,32822,123,114,78,36,107.5,5,True,EPHB2,1000,-0.017489707762568397,0.03896103896103896,-0.01768401588923493,0.17582417582417584,-0.01174452258702947,0.2597402597402597,0.005939493302205459,0.9270729270729271,41,67,26,48,15,19,0.06679035250463822,0.3014128728414443,0.36242826940501355,0.9947946790052052
AKI_vs_Reference,C-TAL-B,22363,121,110,77,33,92.0,5,True,PAPPA2,1000,0.06648398677393684,0.000999000999000999,0.059663801355785126,0.000999000999000999,0.10573831254105616,0.000999000999000999,0.04607451118527103,0.17482517482517482,76,29,52,20,24,9,0.0026060895626113015,0.0035258858788270553,0.0027245481790936334,0.3885003885003884
AKI_vs_Reference,C-TAL-B,22363,121,110,77,33,92.0,5,True,CXCL12,1000,-0.0730405292224013,0.000999000999000999,-0.0460280285859858,0.005994005994005994,-0.1924482509186176,0.000999000999000999,-0.1464202223326318,0.000999000999000999,24,77,20,54,4,23,0.0026060895626113015,0.01892843998107156,0.0027245481790936334,0.008562865705722848
AKI_vs_Reference,C-TAL-B,22363,121,110,77,33,92.0,5,True,NOTCH3,1000,-0.03068855962585413,0.002997002997002997,-0.023354268380183413,0.10789210789210789,-0.07185156429241445,0.000999000999000999,-0.048497295912231037,0.06293706293706294,37,67,27,45,10,22,0.007192807192807193,0.21578421578421578,0.0027245481790936334,0.22398653977601346
AKI_vs_Reference,C-TAL-B,22363,121,110,77,33,92.0,5,True,HES1,1000,0.014134604927910964,0.18081918081918083,0.017048134375706528,0.25874125874125875,0.003137638562793709,0.8101898101898102,-0.013910495812912819,0.6813186813186813,55,47,40,33,15,14,0.2712287712287712,0.36103431452268664,0.9046509046509046,0.8015513897866839
AKI_vs_Reference,C-TAL-B,22363,121,110,77,33,92.0,5,True,EPHB2,1000,0.009486515633341429,0.34965034965034963,0.004825528512061453,0.7312687312687313,0.01757300431726289,0.17682317682317683,0.012747475805201436,0.6073926073926074,54,44,35,33,19,11,0.43706293706293703,0.7835022120736407,0.25876562461928315,0.7753948179480094
AKI_vs_Reference,aTAL2,13427,121,102,66,36,33.5,5,True,PAPPA2,1000,0.009422418743631955,0.5274725274725275,0.11142294464625961,0.000999000999000999,-0.17424102551858076,0.000999000999000999,-0.28566397016484035,0.000999000999000999,50,46,46,14,4,32,0.6205559146735617,0.0035258858788270553,0.0027245481790936334,0.008562865705722848
AKI_vs_Reference,aTAL2,13427,121,102,66,36,33.5,5,True,CXCL12,1000,-0.10208863398859916,0.000999000999000999,-0.08647273278510068,0.000999000999000999,-0.19586281018780874,0.000999000999000999,-0.10939007740270806,0.001998001998001998,19,65,17,38,2,27,0.0026060895626113015,0.0035258858788270553,0.0027245481790936334,0.01332001332001332
AKI_vs_Reference,aTAL2,13427,121,102,66,36,33.5,5,True,NOTCH3,1000,-0.022558437467148924,0.12887112887112886,-0.035433228106032,0.1068931068931069,-0.01377876218193239,0.4965034965034965,0.02165446592409961,0.6563436563436563,36,44,21,28,15,16,0.1982632751863521,0.21578421578421578,0.6079634651063223,0.8015513897866839
AKI_vs_Reference,aTAL2,13427,121,102,66,36,33.5,5,True,HES1,1000,0.02496363248150186,0.0979020979020979,0.016810872197046897,0.44455544455544455,0.04265528882583032,0.04495504495504495,0.025844416628783423,0.35264735264735264,51,36,30,26,21,10,0.15458225984541774,0.5675175887941846,0.08700976442911926,0.558388979441611
AKI_vs_Reference,aTAL2,13427,121,102,66,36,33.5,5,True,EPHB2,1000,0.05449465899886398,0.001998001998001998,0.05449465899886398,0.02197802197802198,0.05362933219115497,0.013986013986013986,-0.0008653268077090104,0.9920079920079921,59,33,36,22,23,11,0.004995004995004995,0.05733397037744865,0.029970029970029972,1.0
AKI_vs_Reference,frTAL,7012,119,106,70,36,22.0,5,True,PAPPA2,1000,0.12716079399582386,0.000999000999000999,0.1964030075316317,0.000999000999000999,0.07891088278380037,0.002997002997002997,-0.11749212474783133,0.03296703296703297,73,25,51,11,22,14,0.0026060895626113015,0.0035258858788270553,0.007492507492507492,0.14556871699728843
AKI_vs_Reference,frTAL,7012,119,106,70,36,22.0,5,True,CXCL12,1000,0.04760494445932552,0.02197802197802198,0.06719233914746361,0.04295704295704296,0.0011890774605203542,0.955044955044955,-0.06600326168694326,0.3646353646353646,45,27,31,14,14,13,0.041208791208791215,0.09913163759317606,0.9722480908921587,0.5609774840544072
AKI_vs_Reference,frTAL,7012,119,106,70,36,22.0,5,True,NOTCH3,1000,0.017395531277308585,0.34465534465534464,0.0034028592310883085,0.8331668331668332,0.036188574420181585,0.17582417582417584,0.032785715189093276,0.5854145854145855,45,38,27,25,18,13,0.43706293706293703,0.856431703889331,0.25876562461928315,0.7635842418451114
AKI_vs_Reference,frTAL,7012,119,106,70,36,22.0,5,True,HES1,1000,-0.01156811037611736,0.4955044955044955,-0.032860860511910395,0.23576423576423577,0.04974023452142939,0.054945054945054944,0.08260109503333979,0.07692307692307693,44,50,25,36,19,14,0.5946053946053946,0.35364635364635366,0.09990009990009989,0.23076923076923078
AKI_vs_Reference,frTAL,7012,119,106,70,36,22.0,5,True,EPHB2,1000,-0.002331023467328091,0.8071928071928072,-0.032331040305678176,0.24775224775224775,0.04505780412679603,0.061938061938061936,0.07738884443247421,0.26873126873126874,47,48,26,34,21,14,0.8496766391503233,0.35821321535607253,0.10930246224363871,0.4742316507022389
CKD_vs_Reference,C-TAL-A,39782,165,155,78,77,117.0,5,True,PAPPA2,1000,0.20441542502986326,0.000999000999000999,0.1995703860503824,0.000999000999000999,0.2066084010975841,0.000999000999000999,0.007038015047201696,0.7382617382617382,133,18,69,7,64,11,0.0026060895626113015,0.0035258858788270553,0.0027245481790936334,0.8202908202908203
CKD_vs_Reference,C-TAL-A,39782,165,155,78,77,117.0,5,True,CXCL12,1000,-0.03825720638747954,0.000999000999000999,-0.010132880447028227,0.43956043956043955,-0.08107109370518281,0.000999000999000999,-0.07093821325815458,0.000999000999000999,55,98,34,44,21,54,0.0026060895626113015,0.5675175887941846,0.0027245481790936334,0.008562865705722848
CKD_vs_Reference,C-TAL-A,39782,165,155,78,77,117.0,5,True,NOTCH3,1000,-0.03473182757903677,0.000999000999000999,-0.025652684088248813,0.053946053946053944,-0.0604414705546594,0.000999000999000999,-0.034788786466410586,0.014985014985014986,47,99,29,47,18,52,0.0026060895626113015,0.11559868702725846,0.0027245481790936334,0.07492507492507493
CKD_vs_Reference,C-TAL-A,39782,165,155,78,77,117.0,5,True,HES1,1000,-0.003102526973315364,0.6933066933066933,-0.019168253807782802,0.14585414585414586,0.008937259820527241,0.3246753246753247,0.02810551362831004,0.03996003996003996,68,78,29,46,39,32,0.799969261507723,0.257389669154375,0.4234895539243365,0.15984015984015984
CKD_vs_Reference,C-TAL-A,39782,165,155,78,77,117.0,5,True,EPHB2,1000,-0.0020740467284720713,0.7452547452547452,-0.0043373434611716786,0.7052947052947053,0.0002491991313515071,0.9560439560439561,0.004586542592523186,0.6783216783216783,68,77,32,42,36,35,0.8081204509775938,0.7694124057760422,0.9722480908921587,0.8015513897866839
CKD_vs_Reference,C-TAL-B,27282,161,151,78,73,87.0,5,True,PAPPA2,1000,0.1002763975726848,0.000999000999000999,0.06668407968318672,0.000999000999000999,0.15962996618259398,0.000999000999000999,0.09294588649940726,0.000999000999000999,115,29,54,19,61,10,0.0026060895626113015,0.0035258858788270553,0.0027245481790936334,0.008562865705722848
CKD_vs_Reference,C-TAL-B,27282,161,151,78,73,87.0,5,True,CXCL12,1000,-0.08003317600309717,0.000999000999000999,-0.06776154653398016,0.000999000999000999,-0.09817748888371572,0.000999000999000999,-0.03041594234973556,0.12287712287712288,35,110,19,56,16,54,0.0026060895626113015,0.0035258858788270553,0.0027245481790936334,0.33511942602851696
CKD_vs_Reference,C-TAL-B,27282,161,151,78,73,87.0,5,True,NOTCH3,1000,-0.023503879951954316,0.014985014985014986,-0.023503879951954316,0.12787212787212787,-0.021988589539261725,0.052947052947052944,0.001515290412692591,0.945054945054945,52,86,28,44,24,42,0.029003254809706426,0.23976023976023975,0.09927572427572427,0.9947946790052052
CKD_vs_Reference,C-TAL-B,27282,161,151,78,73,87.0,5,True,HES1,1000,0.0015677962842184532,0.7542457542457542,0.005291432821072295,0.6693306693306693,0.0,1.0,-0.005291432821072295,0.45454545454545453,71,64,40,34,31,30,0.8081204509775938,0.7577328332045313,1.0,0.6493506493506493
CKD_vs_Reference,C-TAL-B,27282,161,151,78,73,87.0,5,True,EPHB2,1000,-0.02291450893589835,0.013986013986013986,-0.02291450893589835,0.14285714285714285,-0.025920611175666866,0.026973026973026972,-0.0030061022397685176,0.9440559440559441,49,72,27,40,22,32,0.02893658066071859,0.257389669154375,0.053946053946053944,0.9947946790052052
CKD_vs_Reference,aTAL2,9367,159,130,64,66,20.5,5,True,PAPPA2,1000,0.1911171238324431,0.000999000999000999,0.2499741489043362,0.000999000999000999,0.16132767565640221,0.000999000999000999,-0.08864647324793398,0.07092907092907093,96,30,51,9,45,21,0.0026060895626113015,0.0035258858788270553,0.0027245481790936334,0.22398653977601346
CKD_vs_Reference,aTAL2,9367,159,130,64,66,20.5,5,True,CXCL12,1000,-0.03930508610645779,0.04995004995004995,-0.04769149577681795,0.2087912087912088,-0.03112991994419248,0.1838161838161838,0.01656157583262547,0.7282717282717283,46,61,22,31,24,30,0.08325008325008326,0.3385803385803386,0.262594548308834,0.8202908202908203
CKD_vs_Reference,aTAL2,9367,159,130,64,66,20.5,5,True,NOTCH3,1000,-0.026606847033337943,0.19480519480519481,-0.02059780376919299,0.5424575424575424,-0.04392932987764905,0.06993006993006994,-0.02333152610845606,0.7262737262737263,44,53,21,24,23,29,0.285080772885651,0.678071928071928,0.11988011988011989,0.8202908202908203
CKD_vs_Reference,aTAL2,9367,159,130,64,66,20.5,5,True,HES1,1000,0.0009277632159038652,0.935064935064935,0.0009277632159038652,0.975024975024975,0.0024669741773083046,0.8911088911088911,0.0015392109614044394,0.998001998001998,52,48,27,25,25,23,0.9509134932863746,0.975024975024975,0.9422156790577844,1.0
CKD_vs_Reference,aTAL2,9367,159,130,64,66,20.5,5,True,EPHB2,1000,-0.004863693668879664,0.7482517482517482,0.009244873762574018,0.7902097902097902,-0.05690620459400384,0.017982017982017984,-0.06615107835657785,0.13386613386613386,51,57,27,21,24,36,0.8081204509775938,0.8317997791682002,0.03720417513520962,0.34285714285714286
CKD_vs_Reference,frTAL,13543,163,143,69,74,49.0,5,True,PAPPA2,1000,0.22714108819761855,0.000999000999000999,0.2681755591399553,0.000999000999000999,0.2124769908146945,0.000999000999000999,-0.05569856832526077,0.06393606393606394,125,11,59,5,66,6,0.0026060895626113015,0.0035258858788270553,0.0027245481790936334,0.22398653977601346
CKD_vs_Reference,frTAL,13543,163,143,69,74,49.0,5,True,CXCL12,1000,-0.010997580697388367,0.40559440559440557,0.009089860344705974,0.6593406593406593,-0.020886891334641798,0.2777222777222777,-0.029976751679347772,0.35364635364635366,50,59,26,21,24,38,0.4966462109319252,0.7577328332045313,0.37871219689401503,0.558388979441611
CKD_vs_Reference,frTAL,13543,163,143,69,74,49.0,5,True,NOTCH3,1000,-0.02928456028919807,0.03396603396603397,-0.03952561767425514,0.03996003996003996,0.002144040798942497,0.8771228771228772,0.04166965847319763,0.14285714285714285,50,68,17,37,33,31,0.05994005994005995,0.0959040959040959,0.9422156790577844,0.34285714285714286
CKD_vs_Reference,frTAL,13543,163,143,69,74,49.0,5,True,HES1,1000,-0.03398172315938085,0.014985014985014986,-0.06591665755840287,0.000999000999000999,-0.027058321853052278,0.1258741258741259,0.03885833570535059,0.22777222777222778,52,72,25,35,27,37,0.029003254809706426,0.0035258858788270553,0.19365250134480907,0.4712528850459885
CKD_vs_Reference,frTAL,13543,163,143,69,74,49.0,5,True,EPHB2,1000,-0.034031368371460105,0.006993006993006993,-0.021530687748237912,0.25074925074925075,-0.0530726554806659,0.003996003996003996,-0.03154196773242798,0.2047952047952048,51,80,28,32,23,48,0.014985014985014986,0.35821321535607253,0.00959040959040959,0.43884686741829604
