comparison,subclass,gene,nhoods,unique_cells,donors,donors_reference,donors_aki,donors_ckd,rho_full,lodo_valid_donors,lodo_median,lodo_min,lodo_max,lodo_same_sign_fraction,lodo_max_abs_change,bootstrap_requested,bootstrap_valid,bootstrap_median,bootstrap_ci_lower,bootstrap_ci_upper,bootstrap_fraction_positive,bootstrap_fraction_gt_0_5,bootstrap_fraction_lt_minus_0_5,rho_reference_mean_vs_logFC,rho_disease_mean_vs_logFC,rho_condition_difference_vs_logFC,rho_expression_vs_purity,partial_rho_controlling_purity,rho_expression_vs_disease_fraction,nhoods_with_both_conditions,full_valid_nhoods
all_disease,C-TAL-A,PAPPA2,4012,41957,206,83,40,83,0.7289520585018874,206,0.728884678577449,0.7236833702481352,0.7308394262140421,1.0,0.005268688253752152,500,500,0.6933141613353708,0.6650900871701574,0.7133752554476696,1.0,1.0,0.0,0.6675038033299323,0.5319646801150877,0.051044531849733184,0.20140216488996687,0.7299635179656239,0.7071911556862429,4005,4012
all_disease,C-TAL-A,CXCL12,4012,41957,206,83,40,83,-0.04939185650526046,206,-0.04939465536505651,-0.06375735049415672,-0.032936807872744625,1.0,0.016455048632515838,500,500,-0.042565402472774905,-0.11492017797878,0.028061927731841105,0.148,0.0,0.0,-0.20305231383175273,-0.1855594053651198,-0.05258060497290344,0.3573340510131271,-0.08410192295890304,-0.06947692854128286,4005,4012
all_disease,C-TAL-A,NOTCH3,4012,41957,206,83,40,83,-0.17974774602610274,206,-0.17962837692041972,-0.18804002681286297,-0.16767846049098953,1.0,0.012069285535113217,500,500,-0.12894747685431962,-0.18307156545099776,-0.0666865630021053,0.0,0.0,0.0,-0.24921515966808114,0.0805809784559593,0.12163153510057154,0.05015787405336692,-0.18464086804319838,-0.12113174084012242,4005,4012
all_disease,C-TAL-A,HES1,4012,41957,206,83,40,83,-0.0803189120510429,206,-0.08024825240259817,-0.09627992208751016,-0.05190356195564168,1.0,0.02841535009540122,500,500,-0.055855388682962,-0.12078207105596604,0.015431477495750225,0.07,0.0,0.0,-0.17393021930326227,0.15088496199750023,0.17838170871897557,-0.0776085082383605,-0.07451026103071401,-0.15121964372723187,4005,4012
all_disease,C-TAL-A,EPHB2,4012,41957,206,83,40,83,0.06561175504646367,206,0.06560559403740776,0.04109392448417733,0.08803027267173845,1.0,0.024517830562286347,500,500,0.05379915349771874,-0.011531277149810833,0.11643555689291592,0.94,0.0,0.0,-0.07859734780003537,0.08997739596600673,0.06653673876230846,-0.06627768672392556,0.07136225791546298,0.1368056295071658,4005,4012
all_disease,C-TAL-B,PAPPA2,2805,29412,199,82,39,78,0.6021463367380633,199,0.6020471215306716,0.5934982992903045,0.6081984033742421,1.0,0.008648037447758772,500,500,0.5248299036020037,0.4747854904272396,0.565248742119576,1.0,0.82,0.0,0.41109974089744766,0.4209205880759067,0.17719733256469972,0.013574533513410049,0.6023840574433967,0.6080743075091835,2805,2805
all_disease,C-TAL-B,CXCL12,2805,29412,199,82,39,78,-0.3273344254312524,199,-0.32733335537039154,-0.3338777021476066,-0.31439373405588383,1.0,0.012940691375368574,500,500,-0.2895516164366191,-0.328674939922808,-0.2423286445276775,0.0,0.0,0.0,-0.3729825031247133,-0.2874077724583851,-0.0950059592603808,-0.012734017368246255,-0.3275180005306325,-0.3178197251142797,2805,2805
all_disease,C-TAL-B,NOTCH3,2805,29412,199,82,39,78,-0.027116185670363942,199,-0.027112666378118048,-0.038601969145941016,-0.00650436296835174,1.0,0.020611822702012204,500,500,-0.02445268142222919,-0.08012193005357902,0.03768093777002217,0.21,0.0,0.0,-0.1548320776060065,0.058390333350939405,0.06393230502615764,-0.13981460346583116,-0.028915245939578053,0.00258363470648421,2805,2805
all_disease,C-TAL-B,HES1,2805,29412,199,82,39,78,0.07764294315268426,199,0.07765679419319582,0.054507455463728205,0.08790309449530326,1.0,0.023135487688956055,500,500,0.051250824345176006,-0.005227044515686855,0.11320056938620092,0.962,0.0,0.0,-0.024868376495025754,0.1573260847454891,0.07752876591805083,-0.1959373537924135,0.07701943278576472,0.10602951762395069,2805,2805
all_disease,C-TAL-B,EPHB2,2805,29412,199,82,39,78,-0.07746000608655364,199,-0.07743429522255932,-0.08947978824157882,-0.05493016442726073,1.0,0.022529841659292907,500,500,-0.056617311093938964,-0.11762364976461766,0.004104999117121047,0.034,0.0,0.0,-0.21304789104893457,0.09502998289711895,0.12631312972440895,-0.3978771243283985,-0.08913016341872411,-0.03253672760503202,2805,2805
all_disease,aTAL2,PAPPA2,1465,15814,201,82,40,79,0.14526283363439005,201,0.14510964578953756,0.08161987707431136,0.24383608438403467,1.0,0.09857325074964463,500,500,0.12943155336985718,0.0045367960904666455,0.34152801971496916,0.978,0.0,0.0,0.1075231184954314,0.0022590749673264097,-0.0962949953912206,-0.07801872824269626,0.15304408012029982,0.04554641564990555,1463,1465
all_disease,aTAL2,CXCL12,1465,15814,201,82,40,79,-0.38833516469198526,201,-0.388144031418694,-0.41226079687936507,-0.36453499173905646,1.0,0.02392563218737981,500,500,-0.31466241278679397,-0.3874644727204662,-0.22867422070291143,0.0,0.0,0.0,-0.4109169076935204,-0.25617330382175835,-0.002371473922336295,-0.46506285652336604,-0.3947285819691989,-0.3825876575832638,1463,1465
all_disease,aTAL2,NOTCH3,1465,15814,201,82,40,79,-0.040536587757001655,201,-0.04037682934567782,-0.10345113524730536,0.026422893864670095,0.9950248756218906,0.06695948162167176,500,500,-0.00716031106189239,-0.13952331983522,0.14615032844397588,0.462,0.0,0.0,-0.2517654475998447,0.14343816709496507,0.16875239727428532,-0.13600920193696878,-0.029159446053811232,-0.033780691906650145,1463,1465
all_disease,aTAL2,HES1,1465,15814,201,82,40,79,-0.04836942732124025,201,-0.048255167670013935,-0.09377379958637601,-0.019157386979352427,1.0,0.04540437226513576,500,500,-0.0423253282020617,-0.1696173361510118,0.07693135416617322,0.218,0.0,0.0,-0.23521211072850867,0.12502751313989963,0.1977863149517945,-0.26410435191671777,-0.02658077091904893,0.014826986074662906,1463,1465
all_disease,aTAL2,EPHB2,1465,15814,201,82,40,79,0.3027476874992747,201,0.30280432480067737,0.2569068468690586,0.31921310293662564,1.0,0.045840840630216095,500,500,0.23499938599310516,0.0907968814535844,0.331541879728476,1.0,0.0,0.0,0.0016529417333021057,0.211992540733741,0.08733760986851657,0.043163075007362085,0.30042010952900405,0.34160217992094927,1463,1465
all_disease,frTAL,PAPPA2,1332,14500,202,81,38,83,0.5250788473113202,202,0.5250790224927288,0.5182705310395769,0.5317386960698984,1.0,0.0068083162717432755,500,500,0.5004257251555337,0.45763922410759705,0.5347175768250162,1.0,0.522,0.0,0.43394038969830484,0.4756397911300647,0.002444814545086761,0.08292313167471504,0.549800382482663,0.49344796306114697,1319,1332
all_disease,frTAL,CXCL12,1332,14500,202,81,38,83,0.13691388439543925,202,0.13688555834577526,0.10872489951529972,0.14838937729438642,1.0,0.02818898488013953,500,500,0.10104413497331272,0.013429806386049084,0.16741208649512776,0.988,0.0,0.0,-0.12424612339471534,0.08171272802169358,0.08548127712580388,-0.12338647982480642,0.11811146650660909,0.11949921018444297,1319,1332
all_disease,frTAL,NOTCH3,1332,14500,202,81,38,83,0.16630446004729527,202,0.1662872248216484,0.13933240351589823,0.18183910225540614,1.0,0.026972056531397032,500,500,0.11885509411372705,0.04095281568153828,0.19391891813411322,0.994,0.0,0.0,-0.11493030007074466,0.20002354297522543,0.14610120315584346,-0.21482726604399513,0.13400556635182906,0.12925856950219922,1319,1332
all_disease,frTAL,HES1,1332,14500,202,81,38,83,-0.30452220771748806,202,-0.3044522163238804,-0.3166014154234993,-0.28142903043399015,1.0,0.023093177283497912,500,500,-0.24579214122073834,-0.3106319077974791,-0.16812586747179056,0.0,0.0,0.0,-0.21398040880958286,-0.1651487123614837,0.06272325106747109,0.22864525611142925,-0.2761107661827776,-0.29229625319557806,1319,1332
all_disease,frTAL,EPHB2,1332,14500,202,81,38,83,-0.0148762333907464,202,-0.014885825206470985,-0.03338595740344422,0.005189027789554087,0.995049504950495,0.020065261180300487,500,500,-0.02004845481866866,-0.09011797762029179,0.04989707605437509,0.292,0.0,0.0,-0.07402928090952826,-0.018402960708918743,0.01650495541203025,-0.2012749912654173,-0.05177988976774622,-0.01781855198138395,1319,1332
AKI_vs_Reference,C-TAL-A,PAPPA2,3077,32822,123,83,40,0,0.5261258833765204,123,0.5260604988016023,0.5142789864658776,0.5349588163342216,1.0,0.01184689691064289,500,500,0.4952529818703013,0.45755433411431545,0.5336071804746034,1.0,0.426,0.0,0.4759869738803512,0.21626834701000758,-0.06573804698277644,0.20431477702096013,0.5603070528660251,0.4945089439572366,2377,3077
AKI_vs_Reference,C-TAL-A,CXCL12,3077,32822,123,83,40,0,-0.1437180374514735,123,-0.14379387688017387,-0.15763946236184706,-0.12569071904134257,1.0,0.018027318410130916,500,500,-0.1300834522878126,-0.19746306598766356,-0.05560546399596641,0.0,0.0,0.0,-0.17160594403735563,-0.04845498462162934,0.01361028719929716,0.34024767988056576,-0.11835586080869778,-0.2598621503073451,2377,3077
AKI_vs_Reference,C-TAL-A,NOTCH3,3077,32822,123,83,40,0,-0.21122733415121353,123,-0.21098887632319002,-0.21980356388333075,-0.19504745094726636,1.0,0.01617988320394717,500,500,-0.16112139435602413,-0.20882470546595736,-0.10254390259868958,0.0,0.0,0.0,-0.2189682035703261,0.21675990419927108,0.21913251558517616,-0.0208536228036037,-0.21430005583839512,-0.17684481940683816,2377,3077
AKI_vs_Reference,C-TAL-A,HES1,3077,32822,123,83,40,0,0.007366978681060497,123,0.007411247936544103,-0.011774570811664305,0.031606837435568934,0.959349593495935,0.024239858754508438,500,500,0.0066413039488935795,-0.06033862001234981,0.07289304938301566,0.584,0.0,0.0,-0.0017918529292680204,0.3055777725436295,0.21087470553604168,-0.09033661459026791,-0.0013926852688439253,-0.07758918886371301,2377,3077
AKI_vs_Reference,C-TAL-A,EPHB2,3077,32822,123,83,40,0,-0.028593964560548517,123,-0.028575463246916122,-0.052005443309899126,-0.015454377122035252,1.0,0.02341147874935061,500,500,-0.021566060214312618,-0.08424246717592267,0.03533344006908058,0.218,0.0,0.0,-0.1172991537093734,0.24386915626326025,0.22236329972033653,-0.10730265521757297,-0.039395784271377736,0.045548494012709946,2377,3077
AKI_vs_Reference,C-TAL-B,PAPPA2,2158,22363,121,82,39,0,0.47215630300021627,121,0.47178610041474517,0.4365267839878377,0.4813135408878315,1.0,0.0356295190123786,500,500,0.40498240504510763,0.318014712550127,0.4659009872192359,1.0,0.0,0.0,0.4088609213470025,0.31915118625660155,0.10349324857945302,0.02272146337393009,0.4778267857497228,0.5274982767554257,1838,2158
AKI_vs_Reference,C-TAL-B,CXCL12,2158,22363,121,82,39,0,-0.3415574729720779,121,-0.34145617569715153,-0.3469267074436188,-0.32616389642821036,1.0,0.015393576543867526,500,500,-0.30157316809115026,-0.3440211202698519,-0.23925557703808717,0.0,0.0,0.0,-0.3585217252822751,0.08192145651906292,0.2053088307246917,-0.06983184329053174,-0.35244644129044733,-0.4088426879455159,1838,2158
AKI_vs_Reference,C-TAL-B,NOTCH3,2158,22363,121,82,39,0,-0.050747379840497354,121,-0.050628600827941926,-0.06817887287871267,-0.02501438186410904,1.0,0.025732997976388314,500,500,-0.0445887185150287,-0.10749531725667419,0.019595299464491355,0.112,0.0,0.0,-0.14938126533651985,0.2846391671991314,0.2562290852960013,-0.15512478497866503,-0.06938555015911677,-0.040156387518862295,1838,2158
AKI_vs_Reference,C-TAL-B,HES1,2158,22363,121,82,39,0,0.098129808714999,121,0.09825374043554508,0.07770238511374586,0.11659259420063557,1.0,0.020427423601253145,500,500,0.07480397678611303,0.0033668764500854663,0.13662872990274663,0.98,0.0,0.0,0.015397531273600863,0.39375902615618175,0.25667642224210085,-0.2810940336701325,0.06989942502152055,0.11259241735870029,1838,2158
AKI_vs_Reference,C-TAL-B,EPHB2,2158,22363,121,82,39,0,0.000524367530419475,121,0.0006267238886455647,-0.00960393561551809,0.02465849714127352,0.6776859504132231,0.024134129610854045,500,500,0.004501681930790561,-0.049042449760957646,0.07620666495177436,0.578,0.0,0.0,-0.09701810725962683,0.2714102591538072,0.22026058185074518,-0.36630510349415407,-0.0437855227089294,0.06888081386539477,1838,2158
AKI_vs_Reference,aTAL2,PAPPA2,1223,13427,121,81,40,0,0.028791680241099543,121,0.028551873801946678,-0.023930325667752383,0.1356577887267842,0.9917355371900827,0.10686610848568465,500,500,0.027304536137724284,-0.08627800063498622,0.2550788321173186,0.632,0.0,0.0,0.09016237817197909,-0.1743333162772354,-0.2646557301054925,-0.09026543101819429,0.042655652203015655,-0.10945460764997648,1212,1223
AKI_vs_Reference,aTAL2,CXCL12,1223,13427,121,81,40,0,-0.40637843555694103,121,-0.4059548828875948,-0.4321634919501574,-0.3511385033674825,1.0,0.05523993218945855,500,500,-0.32403996668629986,-0.3983978250088621,-0.21232763910192137,0.0,0.0,0.0,-0.37288556870726447,0.012818771878895397,0.14883628322825487,-0.36582803892089066,-0.3831677688533487,-0.40477236234249503,1212,1223
AKI_vs_Reference,aTAL2,NOTCH3,1223,13427,121,81,40,0,-0.024802756852832782,121,-0.024621753363821774,-0.08620257302058242,0.038925225874093305,0.9834710743801653,0.06372798272692609,500,500,-0.0008176589725826854,-0.1320730855078955,0.14856277744720778,0.488,0.0,0.0,-0.1998332548531928,0.22067866976187306,0.17791053601014822,-0.12978645640664216,-0.005891746184430486,-0.011713756499630048,1212,1223
AKI_vs_Reference,aTAL2,HES1,1223,13427,121,81,40,0,-0.01746104512414834,121,-0.01732505006132456,-0.07781989764627806,0.014568075779664418,0.9834710743801653,0.06035885252212972,500,500,-0.016560778763181825,-0.12977459793821583,0.10705353155451869,0.354,0.0,0.0,-0.14381946775524074,0.17386134892922597,0.15055899418281118,-0.26283791845117777,0.022071463584134456,0.0625188398879115,1212,1223
AKI_vs_Reference,aTAL2,EPHB2,1223,13427,121,81,40,0,0.4520422110260043,121,0.45206304551030596,0.41612974299975647,0.4609173339798428,1.0,0.03591246802624781,500,500,0.3527162913273302,0.22065584371740965,0.45022240436961625,1.0,0.0,0.0,0.1018046714527354,0.43965709485966853,0.23072616325565504,0.09801482397595646,0.44459501104941945,0.47736866145561013,1212,1223
AKI_vs_Reference,frTAL,PAPPA2,638,7012,119,81,38,0,0.33243249038339556,119,0.3325744891896457,0.3088355511066891,0.35432634914463634,1.0,0.023596939276706475,500,500,0.327200869223267,0.24760679554404297,0.41456445416725884,1.0,0.0,0.0,0.32210186440175825,0.2083668294194123,-0.005854586973780881,0.2168848931959663,0.4893690672048326,0.19719060068804636,604,638
AKI_vs_Reference,frTAL,CXCL12,638,7012,119,81,38,0,0.19983962750051756,119,0.19981596866735188,0.15096355588175217,0.22247539983635062,1.0,0.04887607161876539,500,500,0.14990360533419622,0.050748116604185683,0.23749535934375252,1.0,0.0,0.0,0.1290998054182366,0.26796123839355646,-0.0010852045906123559,-0.20394616292251022,0.12483272763369878,0.1893748787472377,604,638
AKI_vs_Reference,frTAL,NOTCH3,638,7012,119,81,38,0,0.2892053850289137,119,0.2892053850289137,0.24425501266119343,0.30872726364294056,1.0,0.04495037236772026,500,500,0.22849203780958738,0.11461366307677591,0.3339497057118059,1.0,0.0,0.0,0.13398815083151852,0.41157978077799695,0.15895226183585529,-0.21146657179134873,0.2231989169576474,0.2962054311895597,604,638
AKI_vs_Reference,frTAL,HES1,638,7012,119,81,38,0,-0.4441253885560662,119,-0.44422792490636337,-0.45721638020366134,-0.3931501828749013,1.0,0.050975205681164926,500,500,-0.3561072409409868,-0.459670914760867,-0.2132664940366906,0.0,0.0,0.004,-0.3626727500686105,0.16882409641077264,0.21315178060755785,0.15628969434025683,-0.42333388587150567,-0.3672601143920415,604,638
AKI_vs_Reference,frTAL,EPHB2,638,7012,119,81,38,0,0.2525134534130156,119,0.25247482324300297,0.22444006065953306,0.28161741152371267,1.0,0.029103958110697048,500,500,0.19893111170538197,0.09605322301208839,0.2944883058009628,1.0,0.0,0.0,0.05723646287706929,0.2749805239033432,0.21926155405112877,-0.18651748498137644,0.1929321028528549,0.22411317701629258,604,638
CKD_vs_Reference,C-TAL-A,PAPPA2,3735,39782,165,83,0,82,0.6884886172557344,165,0.688421937220352,0.6785632182178718,0.6915073964227098,1.0,0.009925399037862603,500,500,0.6525782916567224,0.6138301264584962,0.6804016686322831,1.0,1.0,0.0,0.6156247693210756,0.5021463064437137,0.14359292716894634,0.23099374164332273,0.6778796311090435,0.66743316825033,3721,3735
CKD_vs_Reference,C-TAL-A,CXCL12,3735,39782,165,83,0,82,0.07202609646884546,165,0.07200543897207752,0.05103869018162367,0.09007293300870296,1.0,0.020987406287221788,500,500,0.057592634187102684,-0.02647089842260461,0.140842558214397,0.926,0.0,0.0,-0.1271817130430997,-0.1321476553607568,-0.05209564044589316,0.34881108365213154,0.01606489265581876,0.061798256425817176,3721,3735
CKD_vs_Reference,C-TAL-A,NOTCH3,3735,39782,165,83,0,82,-0.12375898475269607,165,-0.12366481848172806,-0.1358474946617843,-0.11160894977165815,1.0,0.012150034981037922,500,500,-0.08686244907956775,-0.13763330539770716,-0.034306041195556324,0.0,0.0,0.0,-0.20523521508558606,0.14906407327080165,0.15475767207911287,0.05225092552979549,-0.13432113157270312,-0.0755061226465665,3721,3735
CKD_vs_Reference,C-TAL-A,HES1,3735,39782,165,83,0,82,-0.07040763422649939,165,-0.07026285233841159,-0.0855995058739189,-0.03617603453951638,1.0,0.03423159968698301,500,500,-0.04728960112437035,-0.13233517201539,0.03838862146189202,0.148,0.0,0.0,-0.1781232297868995,0.17307072040996474,0.19158306734488767,-0.1542979343606458,-0.046289478181540174,-0.1303426265951469,3721,3735
CKD_vs_Reference,C-TAL-A,EPHB2,3735,39782,165,83,0,82,0.053412292489695694,165,0.05351829226086797,0.029848513772573502,0.06804921911797414,1.0,0.023563778717122192,500,500,0.04703838217545128,-0.010331275810260552,0.10349133751945482,0.92,0.0,0.0,-0.07215358601542368,0.14916825215122007,0.1213007624464828,-0.05470362838443538,0.06332884819685962,0.11592777989383399,3721,3735
CKD_vs_Reference,C-TAL-B,PAPPA2,2672,27282,161,83,0,78,0.5354071732421898,161,0.5353357664436831,0.5256047751818061,0.5419107267765096,1.0,0.009802398060383632,500,500,0.46407345758444507,0.4092949852101601,0.5104484003671859,1.0,0.07,0.0,0.34566923906071134,0.3736991150267742,0.21167191880594488,0.053605280363444814,0.534069630129622,0.5233606760053244,2672,2672
CKD_vs_Reference,C-TAL-B,CXCL12,2672,27282,161,83,0,78,-0.2314398178031798,161,-0.23140820517762503,-0.24124164712849278,-0.21626449361965466,1.0,0.01517532418352513,500,500,-0.2013243125551542,-0.24837028770074224,-0.14096341796710957,0.0,0.0,0.0,-0.2993615431177677,-0.22713240144727337,-0.0970320000397665,-0.08076546989959645,-0.2227425167832493,-0.21372075876558308,2672,2672
CKD_vs_Reference,C-TAL-B,NOTCH3,2672,27282,161,83,0,78,-0.06174662841541788,161,-0.06171984401467164,-0.07261363327614687,-0.03597953381037538,1.0,0.0257670946050425,500,500,-0.049864735581455516,-0.10369632820052059,0.016106194395284358,0.064,0.0,0.0,-0.17146917040076615,0.06852375274912435,0.09349448798758156,-0.15977948960328958,-0.03930027843112935,-0.03423200183670684,2672,2672
CKD_vs_Reference,C-TAL-B,HES1,2672,27282,161,83,0,78,0.020108145228182918,161,0.02010589117312447,0.004857897000925703,0.03171926712238257,1.0,0.015250248227257214,500,500,0.011613039910128985,-0.036941126500954734,0.06101612096079446,0.696,0.0,0.0,0.0054758031648963175,0.11121473917990757,0.028966619481455447,-0.20546426465478942,0.051808719734837985,0.04782423514630601,2672,2672
CKD_vs_Reference,C-TAL-B,EPHB2,2672,27282,161,83,0,78,-0.16522892210837634,161,-0.165141075386912,-0.17592980253854973,-0.1460500752646438,1.0,0.019178846843732528,500,500,-0.1367434690223855,-0.18116711583964137,-0.07673556195137793,0.0,0.0,0.0,-0.19982343345718773,-0.002327609120276331,0.07141874609827543,-0.34664373979159147,-0.12342873049654458,-0.120742668894565,2672,2672
CKD_vs_Reference,aTAL2,PAPPA2,782,9367,159,81,0,78,0.4920779045108236,159,0.4918810050652602,0.42145444630545714,0.6273315871081807,1.0,0.1352536825973571,500,500,0.4561999605560977,0.3411516224409181,0.6075614597307457,1.0,0.288,0.0,0.35296709882237587,0.46431148750253587,0.32118091999509385,0.056289844893556394,0.5039078908979517,0.3630655482486432,775,782
CKD_vs_Reference,aTAL2,CXCL12,782,9367,159,81,0,78,-0.09891529245491544,159,-0.09872884572272031,-0.12181362050351219,-0.0653689425218402,1.0,0.033546349933075245,500,500,-0.07328598561075089,-0.16065005074862285,0.033001605216950454,0.08,0.0,0.0,-0.23310760091369076,0.0002890482611638847,0.03161143458253575,-0.4884501953529383,-0.18501783750357095,-0.0036468284758973315,775,782
CKD_vs_Reference,aTAL2,NOTCH3,782,9367,159,81,0,78,-0.07784486834324342,159,-0.07759624069379674,-0.15267486210358344,0.0508681028892768,0.9937106918238994,0.12871297123252023,500,500,-0.04118940024619702,-0.17094141200757101,0.11123243975374104,0.416,0.0,0.0,-0.12996619244587615,0.30161328231871926,0.2084614449994051,-0.0760476486170038,-0.08833292944779651,-0.0555112198797381,775,782
CKD_vs_Reference,aTAL2,HES1,782,9367,159,81,0,78,-0.15497452041425472,159,-0.15485771368483867,-0.17451576016852127,-0.13297350765763524,1.0,0.022001012756619476,500,500,-0.13201514240209455,-0.20007472049732858,-0.043662259267047386,0.0,0.0,0.0,-0.18183158307462097,0.2734702999356494,0.24318849665849962,-0.47074571801082193,-0.24449735855141064,-0.027335736974385502,775,782
CKD_vs_Reference,aTAL2,EPHB2,782,9367,159,81,0,78,0.040151738836088295,159,0.04026498613668803,0.008059218024182515,0.057818149245393316,1.0,0.03209252081190578,500,500,0.0317023985231059,-0.05726453908212234,0.12225321753885482,0.756,0.0,0.0,-0.06357880119486277,0.11515945811721393,0.07740313342611177,-0.10079323204512197,0.027872401728115954,0.14226822235841724,775,782
CKD_vs_Reference,frTAL,PAPPA2,1268,13543,163,80,0,83,0.6076597622732088,163,0.6076067545561104,0.5986120617654603,0.6126253026182554,1.0,0.009047700507748502,500,500,0.5709375195116475,0.5290186280535871,0.6058470645976354,1.0,1.0,0.0,0.4884182587452372,0.5223284246191793,-0.009019878898652193,0.10317125030132934,0.6091849987317788,0.5630611585073216,1254,1268
CKD_vs_Reference,frTAL,CXCL12,1268,13543,163,80,0,83,0.18981460885221882,163,0.18971976659195874,0.16925407901469003,0.20839951346171856,1.0,0.02056052983752879,500,500,0.13982296343375056,0.06344235598258446,0.21528616172359358,1.0,0.0,0.0,-0.010373639868098347,0.053608087748627235,-0.02390246425179872,-0.11063771707884001,0.19298079158624834,0.17311621304233582,1254,1268
CKD_vs_Reference,frTAL,NOTCH3,1268,13543,163,80,0,83,0.11033209072830316,163,0.1102600782213153,0.08259109652134396,0.12610932250463364,1.0,0.027740994206959205,500,500,0.07030223366490329,-0.009159526727653007,0.14855908566393475,0.948,0.0,0.0,-0.15948584455919199,0.1824270481108887,0.16256505876595428,-0.1643171469127734,0.11480871424987416,0.09324905697788932,1254,1268
CKD_vs_Reference,frTAL,HES1,1268,13543,163,80,0,83,-0.27384085228019595,163,-0.2737499775410823,-0.28611834970804634,-0.2480456164566788,1.0,0.025795235823517143,500,500,-0.2182245958290382,-0.2853122508348754,-0.1567120225476262,0.0,0.0,0.0,-0.22992184370936827,-0.1293290353517581,0.080154968860859,0.25172377043467636,-0.28758492533465313,-0.24729874499499527,1254,1268
CKD_vs_Reference,frTAL,EPHB2,1268,13543,163,80,0,83,-0.02626706213687577,163,-0.026147693087765725,-0.04907781052630891,-0.004256981162234817,1.0,0.022810748389433144,500,500,-0.020798778773606738,-0.09276831925899835,0.045034967586273865,0.282,0.0,0.0,-0.08914533353581174,-0.034247499371463666,0.02937898665310356,-0.15139598900858064,-0.023875390934869695,-0.013370648738377114,1254,1268
